NO,Temp_Key,Temp_Category,Temp_Section,Temp_Content_KR,Temp_Content_JP,Temp_Date
1,Temp_common_exsample,기본,☆★예시★☆,"문의하신 내용에 대해 안내드립니다.

(내용)

또한, 게임 플레이 중에/* 부분은 선택하여 사용) 불편한 사항이 있으시면
언제든지 고객센터로 문의해 주시기 바랍니다.","お問い合わせいただいた内容つきまして、ご案内いたします。

(내용)

また、ゲームプレイ中、/にご不便なところがございましたら (*/ 부분은 골라 쓰면 됨.)
いつでもサポートセンターまでお問い合わせくださいませ。",2024.12.03
2,Temp_common_basic,기본,기본 틀,"문의하신 내용에 대해 안내드립니다.

(내용)

또한, 게임 플레이 중에 불편한 사항이 있으시면
언제든지 고객센터로 문의해 주시기 바랍니다.","お問い合わせいただいた内容つきまして、ご案内いたします。

(내용)

また、ゲームプレイ中、/にご不便なところがございましたら
いつでもサポートセンターまでお問い合わせくださいませ。",2024.12.03
3,Temp_common_delayed,기본,늦었을때,응대가 늦어진 점 깊이 사과드립니다.,この度は対応が遅くなりましたことを/、心よりお詫び申し上げます。,2024.12.03
4,Temp_common_duplicate_inquiry,기본,중복 문의,앞서 보내드린 내용을 확인해 주시기 바랍니다.,先ほどお送りした内容をご確認くださいませ。,2024.12.03
5,Temp_common_wrong_response,기본,오답변,이번에 안내드린 내용 중 일부에 오류가 있었던 점 깊이 사과드립니다.,※この度はご案内の一部に誤りがございましたこと、/を深くお詫び申し上げます。,2024.12.03
6,Temp_common_resolved,기본,해결,"문제가 해결되었다는 연락 주셔서 대단히 감사합니다.

또한, 게임 플레이 중에 불편한 사항이 있으시면
언제든지 고객센터로 문의해 주시기 바랍니다.

고객님의 의견을 발판 삼아, 앞으로도 개발 및 운영에 힘쓰겠습니다.
*이상이 없으시다면, 답장하실 필요 없습니다.","無事に問題が解決できたとのご連絡、誠にありがとうございます。
 
また、ゲームプレイ中、/にご不便なところがございましたら
いつでもサポートセンターまでお問い合わせくださいませ。
 
お客様のお声を励みに、これからも開発及び運営に臨んでまいります。
*もし不備がなければ、ご返信には及びません。",2024.12.03
7,Temp_common_thanks,기본,감사,"문의 주셔서 대단히 감사합니다.

또한, 게임 플레이 중에 불편한 사항이 있으시면
언제든지 고객센터로 문의해 주시기 바랍니다.

고객님의 의견을 발판 삼아, 앞으로도 개발 및 운영에 힘쓰겠습니다.
*이상이 없으시다면, 답장하실 필요 없습니다.","この度はご連絡、誠にありがとうございます。
 
またゲームプレイ中、/にご不便なところがございましたら
いつでもサポートセンターまでお問い合わせくださいませ。
 
お客様のお声を励みに、これからも開発及び運営に臨んでまいります。
*もし不備がなければ、ご返信には及びません。",2024.12.03
8,Temp_common_thanks_2,기본,감사2,"바쁘신 와중에 확인 및 답장해 주셔서 대단히 감사합니다.
도움이 되었다니 다행입니다.

또한, 게임 플레이 중에 불편한 사항이 있으시면
언제든지 고객센터로 문의해 주시기 바랍니다.

*이상이 없으시다면, 답장하실 필요 없습니다.","お忙しいところ、ご確認及びご返信いただき、誠にありがとうございます。
ご参考になったとのことで幸いでございます。
 
また、ゲームプレイ中、/にご不便なところがございましたら
いつでもサポートセンターまでお問い合わせくださいませ。
 
*もし不備がなければ、ご返信には及びません。",2024.12.03
9,Temp_common_no_individual_compensation,기본,개별 보상 불가,"본 건과 관련하여, '보석'을 다른 곳에 사용해 버렸다고 하셔서,
고객님께서는 매우 안타까운 심정이실 것 같습니다.

대단히 죄송하지만, 공정성의 관점에서 고객님께 개별적인 복구 및 보상은 어려운 점 양해 부탁드립니다.
이와 같은 안내를 드리게 되어 대단히 죄송하지만, 너그러운 양해 부탁드립니다.

이번에는 고객님의 의향에 맞는 안내를 드리지 못해 대단히 죄송하지만,
게임 플레이 중에 불편한 사항이 있으시면
언제든지 고객센터로 문의해 주시기 바랍니다.","本件に関して、「ジェム」を他のところに使ってしまったとのことで、
お客様におかれましては非常に残念な思いをされているかと存じます。

大変申し訳ございませんが、公平性の観点からお客様への個別の復旧および補償ができかねます。
このようなご案内となり誠に恐縮ではございますが、何卒ご了承いただきますようお願い申し上げます。

この度はお客様のご意向に添ったご案内ができず大変申し訳ございませんが、
またゲームプレイ中にご不便なところがございましたら
いつでもサポートセンターまでお問い合わせくださいませ。",2024.12.03
10,Temp_common_unknown_inquiry,기본,알 수 없는 문의,"이번에는 문의하시느라 번거로움을 끼쳐 대단히 죄송합니다.

대단히 죄송하지만, 보내주신 내용으로는 자세한 확인이 어려워,
번거로우시겠지만, 아래의 세부 내용과 함께/을 확인하신 후,
다시 한 번 문의해 주시면 감사하겠습니다.

【내용에 맞게 예시】
1. 해당 현상이 발생한 날짜와 시간
2. 스크린샷
3. 기타

해결을 위한 구체적인 답변을 드리지 못해 대단히 죄송하지만,
너그러운 양해 부탁드립니다.","この度はお問い合わせのお手数をおかけして大変申し訳ございません。

大変恐れ入りますが、お送りいただいた内容では詳細の確認が難しいため、
お手数をおかけいたしますが、下記の詳細とともに/をご確認の上、
再度お問い合わせいただきたく、何卒よろしくお願いいたします。

【내용에 맞게 예시】
1.該当の現象が発生した日時
2.スクリーンショット
3.その他

解決に向けての具体的なご回答ができず大変申し訳ございませんが、
何卒ご了承いただきますようお願い申し上げます。",2024.12.03
11,Temp_common_event_sales_upcoming,기본,이벤트 / 판매 예정,"문의하신 내용에 대해 안내드립니다.
이번에는 문의하시느라 번거로움을 끼쳐 대단히 죄송합니다.

문의하신 건과 관련하여, 공식 Twitter/공식 사이트(등 타이틀 상황에 맞춰 공식적으로 발신하는 채널명 기재) 및 게임 내 공지사항에 게재되지 않은 정보나 향후 일정 등에 대해서는 개별 안내가 어려워,
이와 같은 형태의 답변이 되는 점 이해와 양해 부탁드립니다.

또한, 안내는 공식 Twitter/공식 사이트(등 타이틀 상황에 맞춰 공식적으로 발신하는 채널명 기재) 및 게임 내 공지사항에서 확인하실 수 있으니,
향후 게임 플레이에 참고가 되시길 바랍니다.

또한, 게임 플레이 중에 불편한 사항이 있으시면
언제든지 고객센터로 문의해 주시기 바랍니다.","お問い合わせいただいた内容つきまして、ご案内いたします。
この度はお問い合わせのお手数をおかけして大変申し訳ございません。

お問い合わせの件に関しまして、公式Twitter/公式サイト(등 타이틀 상황에 맞춰 공적으로 발신하는 채널명 기재)及びゲーム内のお知らせに掲載されていない情報や今後の予定等については、個別のご案内が難しく、
このような形の回答となりますことを何卒ご理解、ご了承いただきますようお願い申し上げます。

なお、ご案内は公式Twitter/公式サイト(등 타이틀 상황에 맞춰 공적으로 발신하는 채널명 기재)及びゲーム内のお知らせにてご確認いただけますので、
今後のゲームプレイの際にお役に立てれば幸いでございます。

また、ゲームプレイ中、/にご不便なところがございましたら
いつでもサポートセンターまでお問い合わせくださいませ。",2024.12.03
12,Temp_common_event_schedule_inquiry,기본,이벤트 개최 일정 관련 문의,"문의 주셔서 대단히 감사합니다.

문의하신 'XX' 건과 관련하여,
대단히 죄송하지만, 모든 고객님들께 공평한 게임 환경을 제공하기 위해, 고객님께 개별 안내가 어려워,
이와 같은 형태의 답변이 되는 점 이해와 양해 부탁드립니다.

하지만, 고객님께서 주신 '요청 건의사항 등 문의 내용에 맞게'에 대한
의견과 요청사항은 담당 부서에 전달하여 신중히 검토하도록 하겠습니다.

'이벤트명'/이벤트/캠페인(또는 원문에 맞추기)의 상세 내용이 결정되는 대로,
공식 사이트(/타이틀에 맞추기) 및 게임 내 공지사항을 통해 안내해 드리도록 하겠으니,
기대해 주시면 감사하겠습니다.

의향에 맞는 안내를 드리지 못해 대단히 죄송하지만,
너그러운 양해 부탁드립니다.

이 외에도 궁금하신 점이 있으시면,
언제든지 고객센터로 문의해 주시기 바랍니다.","この度はお問い合わせいただき、誠にありがとうございます。

お問い合わせいただきました「」の件につきまして、
大変恐れ入りますが、すべてのお客様への公平なゲーム環境のご提供のため、お客様への個別のご案内が難しく、
このような形の回答となりますことを何卒ご理解、ご了承いただきますようお願い申し上げます。

しかしながら、お客様からいただいた「요청 건의사항 등 문의 내용에 맞게」の
ご意見・ご要望につきましては、担当部署に伝え、慎重に検討いたします。

「이벤트명」/イベント/キャンペーン(또는 원문에 맞추기)の詳細が決まり次第、
公式サイト(/타이틀에 맟추기)及びゲーム内お知らせにてご案内いたしますので、
楽しみにしていただければと存じます。

ご意向に沿ったご案内とならず、大変恐縮ではございますが、
何卒よろしくお願い申し上げます。

この他、ご不明な点がございましたら、
お気軽にサポートセンターまでお問い合せくださいませ。",2024.12.03
13,Temp_common_error_compensation_excluded,기본,오류 보상 대상 외,"본 건과 관련하여, 보상이 지급되지 않았다고 하셔서,
고객님께서는 매우 안타까운 심정이실 것 같습니다.

평소 저희 게임을 이용해 주시는 고객님께 이와 같은 안내를 드리게 되어 대단히 죄송하지만,
'1/6(금)에 반환 작업(/처리)'이 정상적으로 이루어진 고객님의 경우는 대상에서 제외되어,
이 점 너그러운 양해 부탁드립니다.

또한, 게임 플레이 중에 불편한 사항이 있으시면
언제든지 고객센터로 문의해 주시기 바랍니다.","本件に関して、お詫びが配布されなかったとのことで、
お客様におかれましては非常に残念な思いをされているかと存じます。

日頃よりご愛顧いただいているお客様へこのようなご案内となってしまい大変恐縮ではございますが、
「1/6(金)に返却作業(/処理)」が正常に行われたお客様の場合は対象外となっておりますので、
何卒ご了承いただきますようお願い申し上げます。

また、ゲームプレイ中、/にご不便なところがございましたら
いつでもサポートセンターまでお問い合わせくださいませ。",2024.12.03
14,Temp_common_no_response,기본,미대응,"대단히 죄송하지만, 본 고객센터에서는
'XX' 관련 문의만 처리하고 있습니다.
문의하신 내용은 아래 주소로 연락 부탁드립니다.

▼'LoadComplete Contact'
contact@loadcomplete.com

번거로움을 끼쳐 대단히 죄송하지만,
협조 부탁드립니다.","大変恐れ入りますが、当サポートセンターでは、
「」につきましてのお問い合わせのみ対応しております。
お問い合わせの内容につきましては、下記のアドレスまでご連絡いただきますようお願い申し上げます。

▼「LoadComplete Contact」
contact@loadcomplete.com

お手数をおかけして大変申し訳ございませんが、
何卒、ご協力のほどよろしくお願いいたします。",2024.12.03
15,Temp_common_no_response_2,기본,미대응 2,"문의 주셔서 대단히 감사합니다.
'XX' 고객센터입니다.

문의하신 내용은
본 창구에서는 접수하지 않습니다.

죄송하지만, 아래 주소로 연락 부탁드립니다.

[고객센터 링크]

번거로움을 끼쳐 대단히 죄송하지만,
협조 부탁드립니다.","お問い合わせいただき誠にありがとうございます。
「」サポートセンターでございます。

いただいたお問い合わせの内容につきましては、
本窓口では受け付けておりません。

大変恐れ入りますが、下記のアドレスまでご連絡いただきますようお願い申し上げます。

[고객센터 링크]

お手数をおかけして大変申し訳ございませんが、
何卒ご協力のほどよろしくお願いいたします。",2024.12.03
16,Temp_common_suggestion_1,건의사항,건의사항 1,"소중한 의견 주셔서 대단히 감사합니다.

보내주신 'XX'에 대한 의견은
담당 부서에 보고하였습니다.
향후 개발에 신중히 검토하도록 하겠습니다.

죄송하지만, 기능의 수정이나 구현에는 다양한 요소를 고려하여
신중한 협의와 검토를 거쳐야 하므로,
본 메일로 요청사항 실현에 대한 약속은 드리기 어려운 점
미리 양해 부탁드립니다.

고객님의 의견을 소중히 여기며 운영하도록 하겠으니,
다른 문의사항이 있으시면 언제든 연락 부탁드립니다.","この度は貴重なご意見、誠にありがとうございます。
 
お送りいただいた「」についてのご意見は、
担当部署に報告いたしました。
今後の開発に慎重に検討いたします。
 
恐れながら、機能の改修や実装には様々な要素を考慮したうえで
慎重に協議・検討を重ねる必要がございますため、
本メールをもってご要望の実現に関するお約束はできかねますことを、
予めご了承くださいませ。
 
お客様のお声を大切にして運営してまいりますので、
また何かございましたらお気軽にご連絡くださいませ。",2024.12.03
17,Temp_common_suggestion_2,건의사항,건의사항 2,"문의 주셔서 대단히 감사합니다.

보내주신 의견은 하나하나 담당 부서에 전달하여 검토하도록 하겠습니다.

다만, 시스템상의 반영 상황 등을 확인해야 하므로,
요청하신 내용이 반영되기까지 시간이 걸리거나 반영이 어려울 수 있는 점
양해 부탁드립니다.

또한, 게임의 개선사항이나 수정사항이 있을 경우 공지사항을 통해 안내해 드리도록 하겠으니,
참고해 주시면 감사하겠습니다.

그 외에도 궁금하신 점이 있으시면,
언제든지 고객센터로 문의해 주시기 바랍니다.","この度はお問い合わせいただき、誠にありがとうございます。

お送りいただいたご意見については一つ一つ担当部署に伝え、検討いたします。

但し、システム上の反映状況等のご確認が必要となるため、
ご要望の内容が反映されるまで時間がかかる場合や反映が難しい場合もありますので、
ご了承いただきたく、何卒よろしくお願いいたします。

また、ゲームの改善点や修正がある場合、お知らせにてご案内いたしますので、
ご参考にしていただければ幸いでございます。
 
その他、何かご不明点等ございましたら、
いつでもサポートセンターまでご連絡いただきますようお願い申し上げます。",2024.12.03
18,Temp_common_error_improvement,오류,오류 개선,"이번에는 불편을 끼쳐드려 대단히 죄송합니다.

보내주신 '앱이 간헐적으로 멈추는 오류'에 대해서는
담당 부서에 보고하여 확인을 요청했습니다.

순차적으로 조사를 진행하고 있어 개선 완료까지 다소 시간이 걸릴 수 있습니다.
깊이 양해 부탁드립니다.

신속한 개선이 이루어지지 못해 죄송합니다.
안정적인 게임 환경을 위해 최선을 다하겠습니다.","この度は、ご不便をおかけしまして大変申し訳ございません。 
お送りいただいた「断続的にアプリがフリーズする不具合」につきましては 
担当部署に報告し、確認を要請いたしました。 

順次調査を行なっておりますので、改善完了まで多少の時間がかかる場合がございます。 
何卒、ご了承いただきますようお願い申し上げます。 

早速の改善ができず、申し訳ございません。 
安定的なゲーム環境のために最善を尽くしてまいります。 ",2024.12.03
19,Temp_common_error_improvement_2,오류,오류 개선2,"문의하신 내용에 대해 안내드립니다.

이번에는 불편을 끼쳐드려 대단히 죄송합니다.
보내주신 건에 대해서는 담당 부서에 보고하여 문제가 확인된 경우 개선 및 반영하도록 하겠습니다.

순차적으로 조사를 진행하고 있어 문제 파악까지 다소 시간이 걸릴 수 있음을 
미리 양해 부탁드립니다.

또한 해당 현상이 발생한 대략적인 시간대와
스크린샷/동영상 등의 상세 정보와 함께 문의해 주시면
보다 신속한 조사가 가능하오니 향후 참고해 주시면 감사하겠습니다.

안정적인 게임 환경을 위해 최선을 다하겠습니다.","お問い合わせいただいた内容つきまして、ご案内いたします。
 
この度は、ご不便をおかけしまして大変申し訳ございません。
お送りいただいた件につきましては担当部署に報告し、問題が確認された場合は改善及び反映いたします。
 
順次調査を行っておりますので、問題の把握まで多少の時間がかかる場合がございますことを
予めご了承いただきますようお願い申し上げます。
 
なお、該当の現象が起きたおおよその時間帯、
スクリーンショット/動画等の詳細とともにお問い合わせいただけますと、
より迅速に調査ができますので、今後の参考にしていただければ幸いです。

安定的なゲーム環境のために最善を尽くしてまいります。",2024.12.03
20,Temp_common_error_checking,오류,오류 확인 중,"이번에는 불편을 끼쳐드려 대단히 죄송합니다.

보내주신 ''에 대해서는
현재 담당 부서에서 확인 작업을 진행하고 있습니다.

순차적으로 조사를 진행하고 있어 개선 완료까지 다소 시간이 걸릴 수 있습니다.
신속한 개선이 이루어지지 못해 죄송하지만
깊이 양해 부탁드립니다.

안정적인 게임 환경을 위해 최선을 다하겠습니다.","この度は、ご不便をおかけしまして大変申し訳ございません。

お送りいただいた「」につきましては、
現在担当部署にて確認作業を行っております。
 
順次調査を行なっておりますので、改善完了まで多少の時間がかかる場合がございます。
早速の改善ができず、申し訳ございませんが、
何卒、ご了承いただきますようお願い申し上げます。
 
安定的なゲーム環境のために最善を尽くしてまいります。",2024.12.03
21,Temp_common_error_delay,오류,오류 지연,"연락이 늦어져 대단히 죄송합니다.

문의하신 ''건에 대해서는
현재 담당 부서에서 조사를 진행하고 있으나
원인 파악에 다소 시간이 필요한 상황입니다.

안내까지 오래 기다리게 해드려 불편을 끼쳐드려 죄송합니다.

신속한 안내가 될 수 있도록 노력하겠으니
깊은 양해 부탁드립니다.

담당 부서에서 답변을 받는 대로 다시 연락드리겠으니
잠시만 기다려주시기 바랍니다.","ご連絡が遅くなってしまい、大変申し訳ございません。

お問い合わせいただきました「」の件につきまして、
現在担当部署にて調査を行っておりますが、
原因把握に多少時間を要しております。

ご案内まで長らくお待たせしておりまして、ご迷惑をお掛けし、申し訳ございません。

迅速にご案内できるように努めてまいりますので、
何卒ご了承のほど、よろしくお願いいたします。

担当部署からの回答をもらい次第、再度ご連絡いたしますので、
今しばらくお待ちいただきますようお願い申し上げます。",2024.12.03
22,Temp_common_error_fix_scheduled,오류,오류 수정 예정,"연락이 늦어져 죄송합니다.

문의하신 '기습의 표시'건에 대해서는
담당 부서에서 해당 현상을 확인한 결과
(오류 내용)의 오류가 발생하고 있음/있었음을 확인했습니다.

해당 현상에 대해서는 조사 및 수정을 진행할/실시할 예정입니다.

게임의 개선점이나 수정사항이 있을 경우 공지를 통해 안내드리오니
참고해 주시면 감사하겠습니다.

게임 이용에 불편을 끼쳐드려 진심으로 죄송합니다.

앞으로도 보다 쾌적한 게임 환경 제공을 위해 노력하겠습니다.","ご連絡が遅くなり申し訳ございません。

お問い合わせいただきました「奇襲の表示」の件につきまして、
担当部署にて該当の現象を確認したところ、
(오류 내용)の不具合が発生している/していたことを確認いたしました。

該当の現象につきましては、調査及び修正を行う/実施する予定でございます。

ゲームの改善点や修正がある場合、お知らせにてご案内いたしますので、
ご参考にしていただければ幸いでございます。

ゲームのご利用にご不便をおかけしてしまい、誠に申し訳ございません。

引き続き、より快適なゲーム環境の提供に努めてまいります。",2024.12.03
23,Temp_common_error_fix_complete,오류,오류 개선 완료,"이번에는 불편을 끼쳐드려 대단히 죄송합니다.

문의하신 '섬 탐색 오류'건에 대해서는
'10/26(수) 업데이트(/점검) 이후'에 발생한
섬 탐색 임무 내용이 정상적으로 표시되지 않는 오류에 대한 수정을 완료했습니다.

이 현상에 대해서는 최신 버전을 설치하시면 해결되오니
각 스토어에서 최신 버전으로 업데이트를 부탁드립니다.

본 현상으로 인해 불편과 불만을 끼쳐드린 점에 대해
다시 한번 깊이 사과드립니다.

기타 불편한 점이 있으시다면
언제든지 고객센터로 문의해 주시기 바랍니다.","この度は、ご不便をおかけしまして大変申し訳ございません。

お問い合わせいただきました「島探索の不具合」の件につきまして、
「10/26(水)アップデート(/メンテナンス)以降」に発生した
島探索任務の内容が正常に表示されない不具合の修正を行いました。

こちら現象につきましては、最新バージョンをインストールしていただくと解消されますので、
各ストアにて最新バージョンへの更新をお願いいたします。

本現象により、ご不便、ご迷惑をおかけしましたことを
重ねて深くお詫び申し上げます。

その他、ご不便なところ/点がございましたら、
いつでもサポートセンターまでお問い合せくださいませ。",2024.12.03
24,Temp_common_error_fix_complete_2,오류,오류 개선 완료 2,"이번에는 불편을 끼쳐드려 대단히 죄송합니다.

문의하신 '섬 탐색 오류'건에 대해서는
'10/26(수) 업데이트(/점검) 이후'에 발생한
섬 탐색 임무 내용이 정상적으로 표시되지 않는 오류에 대한 수정을 완료했습니다.

이 현상에 대해서는 최신 버전을 설치하시면 해결되오니
각 스토어에서 최신 버전으로 업데이트를 부탁드립니다.

본 현상으로 인해 불편과 불만을 끼쳐드린 점에 대해
다시 한번 깊이 사과드립니다.

기타 불편한 점이 있으시다면
언제든지 고객센터로 문의해 주시기 바랍니다.","この度はご不便をおかけし大変申し訳ございません。

お問い合わせいただきました「島探索の不具合」の件につきまして、
「10/26(水)アップデート(/メンテナンス)以降」に発生した
島探索任務の内容が正常に表示されない不具合の修正を行いました。

こちら現象につきましては、最新バージョンをインストールしていただくと解消されますので、
各ストアにて最新バージョンへの更新をお願いいたします。

本現象により、ご不便、ご迷惑をおかけしましたことを
重ねて深くお詫び申し上げます。

その他、ご不便なところ/点がございましたら、
いつでもサポートセンターまでお問い合せくださいませ。",2024.12.03
25,Temp_common_troubleshooting,오류,트러블 슈팅,"이번에는 불편을 끼쳐드려 대단히 죄송합니다.

서버 지연이나 네트워크 환경으로 인해 일시적으로 발생할 수 있으니
번거로우시겠지만 트러블슈팅으로
통신 상태가 좋은 전파가 안정적인 곳에서 아래 사항을 시도해 주시겠습니까?

■iOS의 경우
①단말기 설정에서 'App 삭제' 후 'App Store'에서 재다운로드
②단말기 재시작
③앱 완전 삭제 후 재설치
※계정 데이터 소실 방지를 위해 사전에 계정 연동을 부탁드립니다.

■Android의 경우  
①단말기 설정에서 '앱' → 'Google Play 스토어' → '저장소' → '캐시 삭제'
②단말기 재시작
③앱 완전 삭제 후 재설치
※계정 데이터 소실 방지를 위해 사전에 계정 연동을 부탁드립니다.

①~③의 단계를 시도하셔도 여전히 오류가 있는 경우
유저 ID와 오류 화면의 스크린샷 등을
고객센터로 다시 보내주시기 바랍니다.

번거로움을 끼쳐드려 죄송합니다.

앞으로도 쾌적한 게임 환경을 제공할 수 있도록 최선을 다하겠습니다.","この度は、ご不便をおかけしまして大変申し訳ございません。
 
サーバー遅延やネットワーク環境によって一時的に発生する可能性もございますので
お手数ですが、トラブルシューティングとして、
通信状況の良い電波の安定した場所にて、下記のことを試していただけますでしょうか。
 
■iOSの場合
①端末内設定にて「App を削除」してから、「App Store」から再ダウンロードする
②端末を再起動してみる
③アプリを一旦アンインストール後、再インストールする
※アカウントデータの消失防止のため、事前にアカウント連携をお願い申し上げます。
 
■Androidの場合
①端末内設定にて「アプリ」→「Google Play ストア」→「ストレージ」→「キャッシュを消去」
②端末を再起動してみる
③アプリを一旦アンインストール後、再インストールする
※アカウントデータの消失防止のため、事前にアカウント連携をお願い申し上げます。
 
①～③のステップをお試しいただいても、なお不具合が残る場合、
ユーザーID、エラー画面のスクリーンショット等を
サポートセンターまで再度お送りいただきますようお願い申し上げます。
 
お手数をおかけしてしまい、申し訳ございません。
 
これからも快適なゲーム環境を提供できるよう、最善を尽くしてまいります。",2024.12.03
26,Temp_common_ad_error,오류,광고 오류,"이번에는 불편을 끼쳐드려 진심으로 죄송합니다.

문의하신 '광고 재생 불가・광고 시청이 반영되지 않는 현상'에 대해서는
담당 부서에 보고하여 문제가 확인된 경우 개선 및 반영하도록 하겠습니다.

또한 광고 시청은 시스템 사정상 광고 로드에 시간이 걸리는 경우도 있으니
시간을 두고 다시 시도해 주시기 바랍니다.

또한 시간을 두고 시도하셔도 여전히 오류가 있는 경우
번거로우시겠지만 트러블슈팅으로
통신 상태가 좋은 전파가 안정적인 곳에서 아래 사항을 시도해 주시겠습니까?

■계정 연동 후 앱 재설치를 시도해 주세요.
※계정 데이터 소실 방지를 위해 계정 연동을 부탁드립니다.

■통신 상태를 확인해 주세요.
모바일 데이터 통신과 Wi-Fi를 전환해 주세요.
Wi-Fi에 연결된 경우 한번 연결 해제 후 재연결을 시도해 보세요.
Wi-Fi에 연결된 경우에도 저속이 아닌지 확인해 주세요.

■단말기 내에 많은 데이터가 저장되어 있으면 오류가 발생하기 쉽습니다.
불필요한 앱이나 이미지, 사운드 등의 데이터 정리를 시도해 보세요.

■모든 애플리케이션을 태스크에서 종료해 주세요.
또한 용량이 큰 대기 화면이나 라이브 배경화면을 설정한 경우 설정 해제를 시도해 보세요.

■단말기의 전원을 끄고 잠시 시간을 두었다가 재시작을 시도해 보세요.
앱 재시작 후 다시 시도하시면 개선될 수 있습니다.

또한 위의 방법을 시도하셔도 동일한 오류가 발생하는 경우
아래의 필요한 정보를 고객센터로 보내주시기 바랍니다.

・통신 환경(4G・5G・Wi-Fi 등)
・구체적인 상황(동영상 종료 후 화면이 검게 되었다가 보상은 획득하지 못하고 원래 화면으로 돌아감.
동영상 화면에서 'x(닫기)' 버튼이 표시되지 않아 원래 화면으로 돌아갈 수 없음. 등 가능한 한 구체적으로 기재해 주시면 감사하겠습니다.)
・오류 발생 빈도(반드시 발생. 가끔 발생. 등)
・다른 게임에서 유사한 오류를 확인한 적이 있는지
・오류가 확인되는 동영상이나 스크린샷

번거로우시겠지만 잘 부탁드립니다.","この度はご不便をおかけして誠に申し訳ございません。

お問い合わせいただきました「広告を再生できない・広告視聴が反映されない現象」に関しましては、
担当部署に報告し、問題が確認された場合は改善及び反映いたします。

また、広告視聴はシステムの都合上、広告ロードに時間を要する場合もございますので、
時間をおいてから再度お試しいただきますようお願い申し上げます。

なお、時間をおいてからお試しいただいてもなお不具合が残っている場合、
お手数をおかけしますが、トラブルシューティングとして、
通信状況の良い電波の安定した場所にて、下記のことを試していただけますでしょうか。

■アカウント連携後、アプリの再インストールをお試しください。
※アカウントデータの消失防止のため、アカウント連携をお願い申し上げます。

■通信状況をご確認ください。
モバイルデータ通信とWi-Fiを切り替えてください。
Wi-Fiに接続している場合は、一度切断後、再接続をお試しください。
Wi-Fiに接続している場合でも、低速になっていないかご確認ください。

■端末内にたくさんのデータが保存されていると、エラーが発生しやすくなります。
不要になったアプリや、画像、サウンド等のデータ整理をお試しください。

■すべてのアプリケーションをタスクより終了させてください。
また、容量の大きい待受画像やライブ壁紙を設定している場合は設定解除をお試しください。

■ご利用端末の電源を落とし、しばらくお時間を空けてから再起動をお試しください。
アプリ再起動後、再度お試しいただくことで改善される場合がございます。

また、上記の方法をお試しいただいても、同じ不具合が発生する場合、
下記の必要な情報/情報をサポートセンターまでお送りいただきますようお願い申し上げます。

・通信環境(4G・5G・Wi-Fi等)
・具体的な状況(動画終了後、画面が黒くなってから報酬は獲得できず、元の画面に戻る。
動画の画面で「x(閉じる)」ボタンが表示されず、元の画面に戻れない。等なるべく具体的にご記載いただければ幸いです。)
・不具合の発生頻度(必ず発生。たまに発生する。等)
・他のゲームで類似した不具合を確認したことはあるか
・不具合が確認できる動画やスクリーンショット

お手数をおかけいたしますが、よろしくお願い申し上げます。
",2024.12.03
27,Temp_common_ad_content_error_check,오류,"광고 내용 오류 
상세 확인","이번에는 불편을 끼쳐드려 진심으로 죄송합니다.

광고 시청 후 게임 화면으로 돌아갈 수 없는 현상에 대해 상세 확인이 필요하오니
번거로우시겠지만 해당 광고가 배포된 경우
광고의 상세 정보와 함께 다시 문의해 주시기 바랍니다.

광고 정보를 확인하는 방법은 아래를 참고해 주시기 바랍니다.

▶광고 정보의 확인 방법
1. 시청 후 표시되는 좌측 하단의 'ⓘ' 아이콘을 탭
2. 광고 정보의 스크린샷을 찍기

신속한 개선이 이루어지지 못해 대단히 죄송하지만
깊은 협조 부탁드립니다.","この度はご不便をおかけし、誠に申し訳ございません。

広告視聴後ゲーム画面に戻れない現象につきまして、詳細を確認いたしますので、
大変お手数をおかけしますが、該当広告が配信された場合、
広告の詳細情報とともに再度お問い合わせいただきますようお願い申し上げます。

広告の情報を確認する方法につきましては、下記をご参照くださいませ。

▶広告情報の確認方法
1. 視聴後に表示される左下の「ⓘ」アイコンをタップ
2. 広告の情報のスクリーンショットを取る

早速の改善ができず、大変申し訳ございませんが、
何卒ご協力のほどよろしくお願い申し上げます。",2024.12.03
28,Temp_common_compensation_error_fix,오류,"보상 지급
(오류 수정)","이번에는 불편을 끼쳐드려 진심으로 죄송합니다.

해당 현상에 대해서는 오늘 수정(작업)을 예정하고 있습니다.
또한 불편을 끼쳐드린 사과의 의미로 '쿠폰명'을 준비했습니다.
꼭 사용해 주시기 바랍니다.

'쿠폰 코드: '

앞으로는 대책을 철저히 하여 재발 방지에 힘쓰겠습니다.

또한 게임 플레이 중 불편한 점이 있으시다면
언제든지 고객센터로 문의해 주시기 바랍니다.","この度はご不便をおかけし、誠に申し訳ございません。

該当の現象につきまして、本日修正(作業)を予定しております。
なお、ご迷惑をおかけしたお詫びとして、「クーポン名」をご用意いたしました。
是非お使いくださいませ。

「クーポンコード： 」

今後は対策を徹底し、再発防止に取り組んでまいります。

また、ゲームプレイ中、/にご不便なところがございましたら
いつでもサポートセンターまでお問い合わせくださいませ。",2024.12.03
29,Temp_common_offerwall_tapjoy_support,오류,"오퍼월 광고
탭조이 고객센터 유도","평소 애용해 주시는 고객님께 이러한 안내를 드리게 되어 대단히 죄송하지만
오퍼월 광고에 대해서는 모두 Tapjoy에서 대응하고 있어
Tapjoy로 문의를 부탁드립니다.
문의 방법은 아래를 확인해 주세요.

(LOS 예시)
1. 게임 화면의 메뉴에서 '무료 젬'을 탭합니다.
2. Tapjoy 화면의 왼쪽 상단에 있는 메뉴를 탭합니다.
3. '환급 상황'을 탭합니다.
4. '진행 중'의 리스트에서 보상을 받지 못한 광고를 탭합니다.
5. '고객 지원에 문의'를 탭합니다.

기대에 부응하지 못해 진심으로 죄송하지만
깊이 양해 부탁드립니다.","日頃よりご愛顧いただいているお客様へこのようなご案内となってしまい大変恐縮ではございますが、
オファーウォール広告に関しましては、全てTapjoyにて対応しているため、
Tapjoyまでお問い合わせをお願いいたします。
お問い合わせ方法は、下記をご確認ください。

(LOS 예시)
1.  ゲーム画面のメニューで「無料ジェム」をタップします。
2. Tapjoy画面の左上にあるメニューをタップします。
3. 「還元状況」をタップします。
4. 「継続中」のリストで報酬をもらえなかった広告をタップします。
5. 「サポートにお問い合わせ」をタップします。

ご期待に添えず誠に申し訳ございませんが、
何卒ご了承いただきますようお願い申し上げます。",2024.12.03
30,Temp_common_compensation_missing_item,오류,"보상 지급
(미반영 상품 지급)","이번에는 불편을 끼쳐드려 진심으로 죄송합니다.

해당 상품에 대해서는 '1회 한정의 쿠폰명'을 준비했습니다.
꼭 사용하시어 상품을 수령해 주시기 바랍니다.

'쿠폰 코드: B4218ED30325FB26'

다시금 많은 불편을 끼쳐드려
거듭 사과드립니다.

앞으로는 대책을 철저히 하여 재발 방지에 힘쓰겠습니다.

또한 게임 플레이 중 불편한 점이 있으시다면
언제든지 고객센터로 문의해 주시기 바랍니다.","この度はご不便をおかけし、誠に申し訳ございません。

該当商品につきまして、「１回限定のクーポン名」をご用意いたしました。
是非お使いいただき、商品の受領をお願い申し上げます。

「クーポンコード： B4218ED30325FB26」

改めて多大なご迷惑、ご不便をお掛け致してしまい、
重ね重ねお詫び申し上げます。

今後は対策を徹底し、再発防止に取り組んでまいります。

また、ゲームプレイ中、/にご不便なところがございましたら
いつでもサポートセンターまでお問い合わせくださいませ。",2024.12.03
31,Temp_common_payment_missing_no_receipt,결제,"결제 미반영
(영수증 미지참)","이번에는 불편을 끼쳐드려 대단히 죄송합니다.

본 건에 대해 구매가 반영되지 않았다고 하셔서
고객님께서는 매우 실망하셨을 것으로 생각됩니다.

문제 해결을 위해 번거로우시겠지만 아래의 정보를 확인하시어
다시 문의해 주시기 바랍니다.

■ 필요 정보
1. 영수증 화면의 스크린샷(필수)
※주문 번호와 구매일, 상품명의 세 가지가 확인 가능한 것
※영수증 확인 방법은 아래를 참고해 주시기 바랍니다.

=====================
▶ Google Play Store 거래 명세(영수증) 확인 방법
1.Google Pay(https://payments.google.com/)에 접속
2.Google 계정에 로그인
3.Google Pay 페이지 내에서 '이용 내역'을 선택하여 주문 이력 확인
4.해당 주문을 클릭하여 거래 명세 확인
※GPA로 시작하는 주문 번호의 확인을 부탁드립니다.
5. 스크린샷을 찍어서 보내주시기 바랍니다.

▶ App Store 구매 이력(영수증) 확인 방법
1. iOS 단말기의 설정에서 최상단의 Apple ID를 탭
2. 미디어와 구매 > 계정 표시로 진행
3. '구매 이력'으로 진행하여 구매한 항목의 '청구 합계'를 탭하여 구매 이력 확인
※90일 이상 전에 구매한 이력을 확인하는 경우는 '지난 90일간'을 탭하여 날짜 범위를 선택해 주세요.
4. 오류가 발생한 아이템을 찾아 '청구 합계'를 탭
5. 스크린샷을 찍어서 보내주시기 바랍니다.

=====================

확인 후 조사하도록 하겠습니다.
번거로움을 끼쳐드려 대단히 죄송합니다.

위 내용에 관련된 문의는 이 메일에 회신해 주시기 바랍니다.","この度は、ご不便をおかけし大変申し訳ございません。

本件に関して、購入が反映されなかったとのことで、
お客様におかれましては非常に残念な思いをされているかと存じます。 

問題解決のため、お手数をおかけしますが下記の情報を確認の上、
再度お問い合わせいただきますようお願い申し上げます。
 
■ 必要情報
1. 領収証画面のスクリーンショット(必須)
※注文番号と購入日、商品名の三つが確認できるもの
※領収書のご確認方法につきましては、下記をご参考にしてくださいませ。
 
=====================
▶ Google Play Store取引明細(領収書)の確認方法
1.Google Pay(https://payments.google.com/)にアクセス
2.Google アカウントにログイン
3.Google Payページ内で「ご利用内容」を選択し、注文履歴を確認
4.当該注文をクリックし、取引明細を確認
※GPAから始まる注文番号のご確認をよろしくお願いいたします。
5. スクリーンショットを撮ってお送りくださいませ。

▶ App Store購入履歴(領収書)の確認方法
1. iOS端末の設定から最上段のApple IDをタップ
2. メディアと購入＞アカウントを表示へ進む
3. 「購入履歴」に進み、購入した項目の「請求合計」をタップして、購入履歴を確認
※90日以上前に購入した履歴を確認する場合は、「過去90日間」をタップし、日付の範囲を選択してください。
4. エラーが発生したアイテムを探し、「請求合計」をタップ
5. スクリーンショットを撮ってお送りくださいませ。

=====================
 
確認後、調査いたします。
お手数をおかけしてしまい大変申し訳ございません。
 
上記の内容に関連するお問い合わせは、このメールにご返信くださいませ。",2024.12.03
32,Temp_common_paid_item_missing,결제,유료 재화 구매상품 미반영,"이번에는 문의의 번거로움을 끼쳐드려 대단히 죄송합니다.

보내주신 내용을 토대로 고객님의 결제 이력을 조사한 결과
아이템이 아직 우편함에 있어 사용되지 않았음을 확인했기에
담당 부서에 구매 아이템의 회수 및 반환 처리를 요청했습니다.

번거로우시겠지만 작업 완료까지
잠시만 기다려주시기 바랍니다.

불편을 끼쳐드려 거듭 사과드립니다.","この度はお問い合わせのお手数をおかけして大変申し訳ございません。
 
お送りいただいた内容をもとに、お客様の決済履歴をお調べしたところ、
アイテムがまだポスト(/타이틀에 맞춰 내용 변경)にあり、使われていないことを確認いたしましたので
担当部署に購入アイテムの回収および返却処理を要請いたしました。
 
大変お手数ですが、作業の完了まで
今しばらくお待ちいただきますようお願い申し上げます。
 
ご迷惑をおかけし、重ねてお詫び申し上げます。",2024.12.03
33,Temp_common_refund_apple,결제,환불(애플),"이번에는 불편을 끼쳐드려 진심으로 죄송합니다.

평소 애용해 주시는 고객님께 이러한 안내를 드리게 되어 대단히 죄송하지만
iOS의 경우 결제 취소는 Apple에서 대응하고 있어
고객님께서 직접 환불을 신청하셔야 합니다.
결제 취소 방법은 아래를 확인해 주세요.

■ 환불 방법
1. Apple 고객 지원(https://getsupport.apple.com/)에 접속
2. '모든 제품 보기'의 '제품 선택'을 탭
3. 'iPhone'을 탭
4. '구독과 구매'를 탭
5. 환불 절차를 탭

※이쪽 고객센터에서는 시스템상의 사정으로
Apple의 환불 대응은 어려우니 깊이 양해 부탁드립니다.","この度はご不便をおかけし、誠に申し訳ございません。

日頃よりご愛顧いただいているお客様へこのようなご案内となってしまい大変申し訳ございませんが、
iOSの場合、決済キャンセルはAppleで対応しているため、
お客様ご自身で返金を申請していただく必要がございます。
決済キャンセル方法につきましては、下記をご確認ください。

■ 返金方法
1. Appleサポートへのお問い合わせ(https://getsupport.apple.com/)にアクセス
2. 「すべての製品を見る」の「製品を選択」をタップ
3. 「iPhone」をタップ
4. 「サブスクリプションと購入」をタップ
5. 返金手続きをタップ

※こちらのサポートセンターでは、システム上の都合により、
Appleの返金対応はいたしかねますので、何卒ご了承いただきますようお願い申し上げます。",2024.12.03
34,Temp_common_payment_hold,결제,결제 보류,"이번에는 불편을 끼쳐드려 죄송합니다.

본 건에 대해 결제가 반영되지 않았다고 하셔서
고객님께서는 매우 실망하셨을 것으로 생각됩니다.

보내주신 스크린샷을 확인한 결과
주문 번호가 아직 발급되지 않아 보류 중임을 확인했습니다.

결제 '보류'에 대해서는 결제 서버의 지연이나 네트워크 환경으로 인해 일시적으로 발생할 수 있으니
번거로우시겠지만 게임을 완전히 종료 후 재시작을 시도해 주시기 바랍니다.

만약 상품이 반영되지 않은 채로 구매 금액이 차감된 경우
번거로우시겠지만 보류 중인 영수증의 주문 번호가 추후 발급되면
영수증의 스크린샷과 함께 다시 문의해 주시기 바랍니다.

============================================
▶ App Store 영수증 확인 방법
1. iOS 단말기의 설정에서 최상단의 Apple ID를 탭
2. 미디어와 구매 > 계정 표시로 진행
3. '구매 이력'으로 진행하여 구매한 항목의 '청구 합계'를 탭하여 결제 영수증 확인
※90일 이상 전에 구매한 이력을 확인하는 경우는 '지난 90일간'을 탭하여 날짜 범위를 선택해 주세요.
4. 오류가 발생한 아이템을 찾아서 '청구 합계'를 탭
5. 스크린샷을 찍어서 보내주시기 바랍니다.

▶ 환불을 원하시는 경우
1. Apple 고객 지원(https://getsupport.apple.com/)에 접속
2. '모든 제품 보기'의 '제품 선택'을 탭
3. 'iPhone'을 탭
4. '구독과 구매'를 탭
5. 환불 절차를 탭

※이쪽 고객센터에서는 시스템상의 사정으로
Apple의 환불 대응은 어려우니 깊이 양해 부탁드립니다.
============================================

번거로움을 끼쳐드려 죄송하지만
깊은 협조 부탁드립니다.","この度はご不便をおかけし、申し訳ございません。

本件に関して、決済が反映されなかったのことで、
お客様におかれましては非常に残念な思いをされているかと存じます。

ご送付いただきましたスクリーンショットを拝見しましたところ、
ご注文番号がまだ発行されておらず、保留中であることを確認いたしました。

決済「保留」につきまして、決済サーバーの遅延やネットワーク環境によって一時的に発生する可能性もございますので
お手数ですが、ゲームを完全終了後、再起動をお試しいただきますようお願い申し上げます。

万が一、商品が反映されていないまま購入金額が差し引かれた場合、
大変お手数をおかけしますが、保留中の領収書のご注文番号が後ほど発行されましたら、
領収書のスクリーンショットとともに再度お問い合わせいただきますようお願い申し上げます。

============================================
▶ App Store領収書の確認方法
1. iOS端末の設定から最上段のApple IDをタップ
2. メディアと購入＞アカウントを表示へ進む
3. 「購入履歴」に進み、購入した項目の「請求合計」をタップして、決済領収書を確認
※90日以上前に購入した履歴を確認する場合は、「過去90日間」をタップし、日付の範囲を選択してください。
4. エラーが発生したアイテムを探して、「請求合計」をタップ
5. スクリーンショットを撮ってお送りくださいませ。

▶ 返金をご希望の場合
1. Appleサポートへのお問い合わせ(https://getsupport.apple.com/)にアクセス
2. 「すべての製品を見る」の「製品を選択」をタップ
3. 「iPhone」をタップ
4. 「サブスクリプションと購入」をタップ
5. 返金手続きをタップ

※こちらのサポートセンターでは、システム上の都合により、
Appleの返金対応はいたしかねますので、何卒ご了承いただきますようお願い申し上げます。
============================================

お手数をおかけしてしまい申し訳ございませんが、
何卒ご協力のほどよろしくお願いいたします。",2024.12.03
35,Temp_common_post_refund_request,결제,환불 요청 후 답변,"이번에는 불편을 끼쳐드려 대단히 죄송합니다.

조금 전 담당 부서에 구매 아이템의 환불 처리를 요청했습니다.
기다리게 해드려 대단히 죄송하지만 작업 완료까지
잠시만 기다려 주시기 바랍니다.

기다리게 해드려 대단히 죄송합니다.","この度は、ご不便をおかけしまして大変申し訳ございません。

先ほど、担当部署に購入アイテムの返金処理を要請いたしました。
お待たせしてしまい大変恐れ入りますが、作業の完了まで
しばらくお待ちくださいますようお願い申し上げます。
 
お待たせしてしまい、大変申し訳ございません。",2024.12.03
36,Temp_common_post_refund_complete,결제,환불 완료 후 답변,"이번에는 불편을 끼쳐드려 대단히 죄송합니다.

조금 전 구매 아이템의 환불 처리를 완료했습니다.
번거로우시겠지만 환불이 반영되었는지 확인해 주시기 바랍니다.

또한 게임 플레이 중 불편한 점이 있으시다면
언제든지 고객센터로 문의해 주시기 바랍니다.","この度は、ご不便をおかけしまして大変申し訳ございません。

先ほど、購入アイテムの返金処理を完了いたしました。
大変お手数ですが、返金の反映をご確認いただきますようお願い申し上げます。
 
また、ゲームプレイ中、/にご不便なところがございましたら
いつでもサポートセンターまでお問い合わせくださいませ。",2024.12.03
37,Temp_common_post_payment_request,결제,지급 요청 후 답변,"이번에는 불편을 끼쳐드려 대단히 죄송합니다.

보내주신 '유료 아이템이 반영되지 않는 현상'에 대해서는
담당 부서에 보고하여 반영 작업을 요청했습니다.

순차적으로 작업을 진행하고 있어 작업 완료까지 다소 시간이 걸릴 수 있습니다.
깊이 양해 부탁드립니다.

신속한 개선이 이루어지지 못해 죄송합니다.
안정적인 게임 환경을 위해 최선을 다하겠습니다.","この度は、ご不便をおかけしまして大変申し訳ございません。

お送りいただいた「有料アイテムが反映されない現象」につきまして、
担当部署に報告し、反映作業を要請いたしました。

順次作業を行なっておりまして、作業完了まで多少の時間がかかる場合がございます。
何卒、ご了承いただきますようお願い申し上げます。

早速の改善ができず、申し訳ございません。
安定的なゲーム環境のために最善を尽くしてまいります。",2024.12.03
38,Temp_common_post_payment_complete,결제,지급 완료 후 답변,"이번에는 불편을 끼쳐드려 대단히 죄송합니다.

조금 전 구매 아이템의 반영 처리를 완료했습니다.
번거로우시겠지만 앱을 재시작하시어
상품이 반영되었는지 확인해 주시기 바랍니다.

또한 게임 플레이 중 불편한 점이 있으시다면
언제든지 고객센터로 문의해 주시기 바랍니다.","この度は、ご不便をおかけしまして大変申し訳ございません。

先ほど、購入アイテムの反映処理を完了いたしました。
大変お手数ですが、アプリを再起動し、
商品の反映をご確認いただきますようお願い申し上げます。
 
また、ゲームプレイ中、/にご不便なところがございましたら
いつでもサポートセンターまでお問い合わせくださいませ。",2024.12.03
39,Temp_common_item_received,결제,아이템을 수령한 경우,"이번에는 불편을 끼쳐드려 죄송합니다.

보내주신 내용을 토대로
고객님의 결제 이력을 조사한 결과
아래의 시간에 구매하신 '상품명'을 이미 우편함에서 수령하신 것으로 확인됩니다.

・2019-00-00 00:00:00 '상품명'

대단히 죄송하지만
구매 후 정상적으로 수령하신 것이 확인되어
환불 신청은 취소해 드리고자 하오니
깊이 양해 부탁드립니다.

또한 게임 플레이 중 불편한 점이 있으시다면
언제든지 고객센터로 문의해 주시기 바랍니다.

앞으로도 쾌적한 게임 환경을 제공할 수 있도록 노력하겠습니다.","この度はご不便をおかけしてしまい、申し訳ございません。

お送りいただいた内容をもとに、
お客様の決済履歴をお調べしたところ、
下記の時間に購入された「상품명」を既にポスト(/타이틀에 맞춰 내용 변경)からお受け取りになったことを確認いたしました。

・2019-00-00 00:00:00 「상품명」

大変恐れ入りますが、
購入後、正常に受け取られたことが確認できたため、
返金申請はキャンセルさせていただきたく、
何卒ご了承いただきますようお願い申し上げます。

また、ゲームプレイ中、/にご不便なところがございましたら
いつでもサポートセンターまでお問い合わせくださいませ。

これからも快適なゲーム環境をご提供できるよう努めてまいります。",2024.12.03
40,Temp_common_confirm_normal_payment,결제,"확인 해보니
정상 지급","이번에는 불편을 끼쳐드려 진심으로 죄송합니다.

보내주신 정보를 토대로 구매 이력을 조사한 결과
해당 상품이 정상적으로 반영된 것을 확인했습니다.

번거로우시겠지만 앱을 재시작하시어
상품이 반영되었는지 다시 한번 확인을 부탁드립니다.
만약 현재도 반영이 되지 않은 경우 대단히 죄송하지만
다시 문의해 주시기 바랍니다.

또한 게임 플레이 중 불편한 점이 있으시다면
언제든지 고객센터로 문의해 주시기 바랍니다.","この度はご不便をおかけし、誠に申し訳ございません。

お送りいただきました情報をもとに、購入履歴を調査いたしましたところ、
該当商品が正常に反映されていることを確認いたしました。

お手数をおかけしますが、アプリを再起動していただき、
商品が反映されているか再度ご確認をお願い申し上げます。
仮に、現在も反映されていない場合、大変恐れ入りますが、
再度お問い合わせいただきますようお願い申し上げます。

また、ゲームプレイ中、/にご不便なところがございましたら
いつでもサポートセンターまでお問い合わせくださいませ。",2024.12.03
41,Temp_common_duplicate_purchase,결제,중복 구매,"이번에는 불편을 끼쳐드려 대단히 죄송합니다.

보내주신 '중복 구매된 상품의 결제 취소'에 대해서는
담당 부서에 보고하여 확인을 요청했습니다.

순차적으로 조사를 진행하고 있어 작업 완료까지 다소 시간이 걸릴 수 있습니다.
깊이 양해 부탁드립니다.

신속한 개선이 이루어지지 못해 죄송합니다.
안정적인 게임 환경을 위해 최선을 다하겠습니다.","この度は、ご不便をおかけしまして大変申し訳ございません。

お送りいただいた「重複購入された商品の決済キャンセル」につきまして、
担当部署に報告し、確認要請をいたしました。

順次調査を行なっておりまして、作業完了まで多少の時間がかかる場合がございます。
何卒、ご了承いただきますようお願い申し上げます。

早速の改善ができず、申し訳ございません。
安定的なゲーム環境のために最善を尽くしてまいります。",2024.12.03
42,Temp_common_child_purchase,결제,우리 아이가 결제했어요,"문의하신 내용에 대해 답변드립니다.

평소 애용해 주시는 고객님께 이러한 안내를 드리게 되어 대단히 죄송하지만
'자녀가 동의 없이 결제한 경우의 환불'에 대해서는
환불 정책에 맞지 않아 이쪽에서의 대응이 어렵습니다.
고객님께서 직접 Google에 환불을 신청하셔야 합니다.
결제 취소에 대해서는 아래를 확인해 주시기 바랍니다.

■Google Play에서의 환불에 대해
https://support.google.com/googleplay/answer/2479637?hl=ko

번거로움을 끼쳐드려 죄송하지만 깊이 이해와 양해 부탁드립니다.","お問い合わせていただいた内容にお答えいたします。

日頃よりご愛顧いただいているお客様へこのようなご案内となってしまい大変申し訳ございませんが、
「お子様が同意を得ずに課金した場合の返金」については
払い戻しポリシーに反しており、こちらでの対応ができかねます。
お客様ご自身で、Googleにて返金を申請していただく必要がございます。
決済キャンセルに関しましては、下記をご確認くださいませ。

■Google Playでの払い戻しについて
https://support.google.com/googleplay/answer/2479637?hl=ja

お手数をおかけいたしますが、何卒ご理解、ご了承のほどよろしくお願いいたします。",2024.12.03
43,Temp_common_link_method_example,계정,"연동 방법
(예시)","문의하신 내용에 대해 안내드립니다.

데이터를 이전하기 위해서는 기존 계정의 연동이 필요합니다.
계정 연동 방법은 아래를 참고해 주시기 바랍니다.

■계정 연동 방법
게임 화면 우측 상단에 있는 메뉴의 '설정' → '계정' → 희망하는 이메일 주소로 연동

위의 방법으로 등록한 이메일 주소로 로그인하시면
데이터를 이전하실 수 있습니다.

또한 연동된 계정으로 로그인하는 방법은 아래와 같습니다.

■연동된 계정으로 로그인하는 방법

앱 설치 → 앱 실행 → 튜토리얼 중에 게임 화면 우측 상단에 있는 메뉴의 '설정' →
'계정' → 연동된 계정으로 로그인

위의 내용이 도움이 되길 바랍니다.

만약 위의 방법을 시도하셔도 다른 기기에서 데이터 이전이 되지 않는 경우

대단히 죄송하지만 데이터 초기화 이후의 새로운 UID를 기재하여 다시 문의해 주시기 바랍니다.

또한 게임 플레이 중 불편한 점이 있으시다면
언제든지 고객센터로 문의해 주시기 바랍니다.","お問い合わせいただいた内容つきまして、ご案内いたします。

データを引き継ぐためには、既存アカウントの連携が必要です。
アカウント連携の方法につきましては、下記をご参照くださいませ。

■アカウントの連携方法
ゲーム画面右上にあるメニューの「設定」 → 「アカウント」 → ご希望のメールアドレスで連携

上記の方法で登録したメールアドレスでログインすると、
データを引き継ぐことができます。

また、連携済みのアカウントでログインする方法は、下記のとおりでございます。

■連携済みのアカウントでログインする方法
アプリインストール → アプリ起動 → チュートリアル途中で、ゲーム画面右上にあるメニューの「設定」 →  
「アカウント」  → 連携済みのアカウントでログイン

上記の内容がお役に立てれば幸いです。

万が一、上記の方法をお試しいただいても、他の端末でデータの引き継ぎができない場合、
大変申し訳ございませんが、データ初期化以降の新しいUIDを記載し、再度お問い合わせいただきますようお願い申し上げます。

また、ゲームプレイ中、/にご不便なところがございましたら
いつでもサポートセンターまでお問い合わせくださいませ。",2024.12.03
44,Temp_common_account_deletion,계정,회원 탈퇴 방법,"문의하신 내용에 대해 안내드립니다.

매우 유감이지만, 회원 탈퇴는 아래를 참고해 주시기 바랍니다.

■회원 탈퇴
'우측 상단의 메뉴' → '설정' → '계정' → '계정 삭제'
※계정 삭제 후에는 계정 복구 등의 대응이 일절 불가능하오니 미리 양해 부탁드립니다.

『』의 고객센터에서는 유저님들께 보다 쾌적한 게임 환경을 제공하도록 노력하고 있습니다.
다음 이용을 『』 운영팀 일동이 기다리고 있겠습니다.""

""번거로우시겠지만 아래의 필요 정보를 기재하신 후
다시 보내주시면 고객님의 연동 이메일 주소 변경이 가능합니다.
협조 부탁드립니다.

----------------------------------------

◆필요 정보 양식◆

1.유저 ID(설정의 좌측 상단에 있는 코드):
2.연동을 희망하는 이메일 주소, 또는 이미 연동된 경우 연동된 이메일 주소:
3.본인 확인 정보(가능한 한 자세히 기재해 주세요)
3-2.플레이 시작 시기(회원 가입한 시기)
4.결제 내역이 확인 가능한 영수증 스크린샷
※주문 번호와 구매일, 상품명의 세 가지가 확인 가능한 것
※본인 확인이 불가능한 경우 계정 변경이 불가능합니다.
※계정의 홈 화면이나 결제 내역 스크린샷 등이 있으면 더욱 신속한 대응이 가능하오니
협조 부탁드립니다.

▶ Google Play Store 거래 명세(영수증) 확인 방법
1.Google Pay(https://payments.google.com/)에 접속
2.Google 계정에 로그인
3.Google Pay 페이지 내에서 '이용 내역'을 선택하여 주문 이력 확인
4.해당 주문을 클릭하여 거래 명세 확인
※GPA로 시작하는 주문 번호의 확인을 부탁드립니다.
5. 스크린샷을 찍어서 보내주시기 바랍니다.

▶ App Store 구매 이력(영수증) 확인 방법
1. iOS 단말기의 설정에서 최상단의 Apple ID를 탭
2. 미디어와 구매 > 계정 표시로 진행
3. '구매 이력'으로 진행하여 구매한 항목의 '청구 합계'를 탭하여 구매 이력 확인
※90일 이상 전에 구매한 이력을 확인하는 경우는 '지난 90일간'을 탭하여 날짜 범위를 선택해 주세요.
4. 오류가 발생한 아이템을 찾아 '청구 합계'를 탭
5. 스크린샷을 찍어서 보내주시기 바랍니다.

----------------------------------------
위 내용에 관련된 문의는 이 메일에 회신해 주시기 바랍니다.","お問い合わせいただいた内容つきまして、ご案内いたします。
 
誠に残念ではございますが、会員退会につきましては、下記をご参照ください。
 
■会員退会
「右上のメニュー」 → 「設定」 → 「アカウント」→「アカウント削除」
※アカウント削除後、アカウントの復旧等の対応は一切行うことができませんので、予めご了承ください。
 
『』のサポートセンターでは、ユーザー様により快適なゲーム環境をご提供できるよう努めております。
またのご利用を『』運営チーム一同、お待ちしております。",2024.12.03
45,Temp_common_change_linked_email,계정,연동 이메일 변경,"번거로우시겠지만 아래의 필요 정보를 기재하신 후
다시 보내주시면 고객님의 연동 이메일 주소 변경이 가능합니다.
협조 부탁드립니다.

----------------------------------------

◆필요 정보 양식◆

1.유저 ID(설정의 좌측 상단에 있는 코드):
2.연동을 희망하는 이메일 주소, 또는 이미 연동된 경우 연동된 이메일 주소:
3.본인 확인 정보(가능한 한 자세히 기재해 주세요.)
3-2.플레이 시작 시기(회원 가입한 시기)
4.결제 내역이 확인 가능한 영수증 스크린샷
※주문 번호와 구매일, 상품명의 세 가지가 확인 가능한 것
※본인 확인이 불가능한 경우 계정 변경이 불가능합니다.
※계정의 홈 화면이나 결제 내역 스크린샷 등이 있으면 더욱 신속한 대응이 가능하오니
협조 부탁드립니다.

▶ Google Play Store 거래 명세(영수증) 확인 방법
1.Google Pay(https://payments.google.com/)에 접속
2.Google 계정에 로그인
3.Google Pay 페이지 내에서 '이용 내역'을 선택하여 주문 이력 확인
4.해당 주문을 클릭하여 거래 명세 확인
※GPA로 시작하는 주문 번호의 확인을 부탁드립니다.
5. 스크린샷을 찍어서 보내주시기 바랍니다.

▶ App Store 구매 이력(영수증) 확인 방법
1. iOS 단말기의 설정에서 최상단의 Apple ID를 탭
2. 미디어와 구매 > 계정 표시로 진행
3. '구매 이력'으로 진행하여 구매한 항목의 '청구 합계'를 탭하여 구매 이력 확인
※90일 이상 전에 구매한 이력을 확인하는 경우는 '지난 90일간'을 탭하여 날짜 범위를 선택해 주세요.
4. 오류가 발생한 아이템을 찾아 '청구 합계'를 탭
5. 스크린샷을 찍어서 보내주시기 바랍니다.

----------------------------------------
위 내용에 관련된 문의는 이 메일에 회신해 주시기 바랍니다.","大変お手数をお掛けいたしますが、下記の必要情報をご記載の上、
再度お送りいただければ、お客様の連携メールアドレスの変更が可能です。
ご協力のほど、何卒よろしくお願いいたします。

----------------------------------------

◆必要情報フォーム◆

1.ユーザーID(設定の左上にあるコード):
2.連携を希望するメールアドレス、もしくは既に連携されている場合、連携したメールアドレス：
3.ご本人様確認情報(なるべく詳細をご記載ください。)
3-2.プレイ開始時期(会員登録した時期)
4.課金履歴が確認できる領収書のスクリーンショット
※注文番号と購入日、商品名の三つが確認できるもの
※本人確認ができない場合、アカウントの変更ができません。
※アカウントのホーム画面や課金履歴のスクリーンショット等があれば、より迅速な対応が可能ですので、
ご協力のほどよろしくお願いいたします。

▶ Google Play Store取引明細(領収書)の確認方法
1.Google Pay(https://payments.google.com/)にアクセス
2.Google アカウントにログイン
3.Google Payページ内で「ご利用内容」を選択し、注文履歴を確認
4.当該注文をクリックし、取引明細を確認
※GPAから始まる注文番号のご確認をよろしくお願いいたします。
5. スクリーンショットを撮ってお送りくださいませ。

▶ App Store購入履歴(領収書)の確認方法
1. iOS端末の設定から最上段のApple IDをタップ
2. メディアと購入＞アカウントを表示へ進む
3. 「購入履歴」に進み、購入した項目の「請求合計」をタップして、購入履歴を確認
※90日以上前に購入した履歴を確認する場合は、「過去90日間」をタップし、日付の範囲を選択してください。
4. エラーが発生したアイテムを探し、「請求合計」をタップ
5. スクリーンショットを撮ってお送りくださいませ。

----------------------------------------
上記の内容に関連するお問い合わせは、このメールにご返信くださいませ。",2024.12.03
46,Temp_common_reset_logout,계정,초기화 (로그아웃),"이번에는 불편을 끼쳐드려 대단히 죄송합니다.

데이터 초기화로 인해 튜토리얼 화면이 표시되는 경우
기존 계정으로의 접속은 연동된 계정으로 다시 로그아웃을 시도해 주시기 바랍니다.

만약 데이터가 복구되지 않는 경우 아래의 정보를 기재하신 후
다시 보내주시면
고객님의 계정을 복구하여 새로운 이메일 주소로 연동하도록 하겠습니다.

----------------------------------------

◆필요 정보 양식◆

1.유저 ID(설정의 좌측 상단에 있는 코드):
2.연동을 희망하는 이메일 주소, 또는 이미 연동된 경우 연동된 이메일 주소:
3.플레이 시작 시기(회원 가입한 시기):
4.결제 내역이 확인 가능한 영수증 스크린샷
※주문 번호와 구매일, 상품명의 세 가지가 확인 가능한 것
※본인 확인이 불가능한 경우 계정 변경이 불가능합니다.
※계정의 홈 화면이나 결제 내역 스크린샷 등이 있으면 더욱 신속한 대응이 가능하오니
협조 부탁드립니다.

▶ Google Play Store 거래 명세(영수증) 확인 방법
1.Google Pay(https://payments.google.com/)에 접속
2.Google 계정에 로그인
3.Google Pay 페이지 내에서 '이용 내역'을 선택하여 주문 이력 확인
4.해당 주문을 클릭하여 거래 명세 확인
※GPA로 시작하는 주문 번호의 확인을 부탁드립니다.
5. 스크린샷을 찍어서 보내주시기 바랍니다.

▶ App Store 구매 이력(영수증) 확인 방법
1. iOS 단말기의 설정에서 최상단의 Apple ID를 탭
2. 미디어와 구매 > 계정 표시로 진행
3. '구매 이력'으로 진행하여 구매한 항목의 '청구 합계'를 탭하여 구매 이력 확인
※90일 이상 전에 구매한 이력을 확인하는 경우는 '지난 90일간'을 탭하여 날짜 범위를 선택해 주세요.
4. 오류가 발생한 아이템을 찾아 '청구 합계'를 탭
5. 스크린샷을 찍어서 보내주시기 바랍니다.

----------------------------------------
위 내용에 관련된 문의는 이 메일에 회신해 주시기 바랍니다.""

""문의/연락 주신 '계정 데이터 복구' 건에 대해서는
조금 전 계정 복구 작업을 완료했습니다.
앱을 완전히 종료하신 후 로그인을 시도해 주시기 바랍니다.

만약 복구가 아직 이루어지지 않았거나 로그인이 되지 않는 경우는
번거로우시겠지만 다시 문의해 주시기 바랍니다.

또한 다른 게임 플레이 중 불편한 점이 있으시다면
언제든지 고객센터로 문의해 주시기 바랍니다.","この度は、ご不便をおかけし大変申し訳ございません。
 
データ初期化によりチュートリアル画面が表示される場合、
元のアカウントへの接続は、連携されているアカウントで再度ログアウトをお試しいただきますようお願い申し上げます。

万が一データが復旧されない場合は下記の情報をご記載の上、
再度お送りいただければ、
お客様のアカウントを復旧し、新しいメールアドレスに連携いたします。
 
----------------------------------------

◆必要情報フォーム◆

1.ユーザーID(設定の左上にあるコード):
2.連携を希望するメールアドレス、もしくは既に連携されている場合、連携したメールアドレス：
3.プレイ開始時期(会員登録した時期):
4.課金履歴が確認できる領収書のスクリーンショット
※注文番号と購入日、商品名の三つが確認できるもの
※本人確認ができない場合、アカウントの変更ができません。
※アカウントのホーム画面や課金履歴のスクリーンショット等があれば、より迅速な対応が可能ですので、
ご協力のほどよろしくお願いいたします。

▶ Google Play Store取引明細(領収書)の確認方法
1.Google Pay(https://payments.google.com/)にアクセス
2.Google アカウントにログイン
3.Google Payページ内で「ご利用内容」を選択し、注文履歴を確認
4.当該注文をクリックし、取引明細を確認
※GPAから始まる注文番号のご確認をよろしくお願いいたします。
5. スクリーンショットを撮ってお送りくださいませ。

▶ App Store購入履歴(領収書)の確認方法
1. iOS端末の設定から最上段のApple IDをタップ
2. メディアと購入＞アカウントを表示へ進む
3. 「購入履歴」に進み、購入した項目の「請求合計」をタップして、購入履歴を確認
※90日以上前に購入した履歴を確認する場合は、「過去90日間」をタップし、日付の範囲を選択してください。
4. エラーが発生したアイテムを探し、「請求合計」をタップ
5. スクリーンショットを撮ってお送りくださいませ。

----------------------------------------
上記の内容に関連するお問い合わせは、このメールにご返信くださいませ。",2024.12.03
47,Temp_common_deleted_account_recovery,계정,탈퇴 계정 복구,"문의/연락 주신 '계정 데이터 복구' 건에 대해서는
조금 전 계정 복구 작업을 완료했습니다.
앱을 완전히 종료하신 후 로그인을 시도해 주시기 바랍니다.
만약 복구가 아직 이루어지지 않았거나 로그인이 되지 않는 경우는
번거로우시겠지만 다시 문의해 주시기 바랍니다.
또한 다른 게임 플레이 중 불편한 점이 있으시다면
언제든지 고객센터로 문의해 주시기 바랍니다.","お問い合わせ/ご連絡いただきました「アカウントデータの復旧」の件につきまして、
先ほど、アカウントの復旧作業を完了いたしました。
アプリを完全に終了された後、ログインをお試しいただきますようお願い申し上げます。

万が一、復旧が未だに行われていない、またはログインができない場合は
大変恐れ入りますが、再度お問い合わせいただきますようお願い申し上げます。

また、他にもゲームプレイ中、/にご不便なところがございましたら
いつでもサポートセンターまでお問い合わせくださいませ。",2024.12.03
48,Temp_common_user_mistake,계정,유저 실수,"본 건에 대해 실수로 ''를 **하셨다고 하여, 고객님께서는 매우 실망하셨을 것으로 생각됩니다.
기대에 부응하지 못해 진심으로 죄송하지만
고객님의 조작으로 인해 사용된 아이템의 반환 등은 대응이 불가능합니다.
또한 이용하고 계신 모든 분들로부터 동일한 문의를 받은 경우에도
일률적으로 거절하고 있으니 깊은 이해를 부탁드립니다.
신속한 도움을 드리지 못해 죄송합니다.
또한 게임 플레이 중 불편한 점이 있으시다면
언제든지 고객센터로 문의해 주시기 바랍니다.","本件に関して、誤って「」を**してしまったとのことで、お客様におかれましては非常に残念な思いをされているかと存じます。 
ご期待に添えず誠に申し訳ございませんが、
お客様の操作により使用されたアイテムの返還等は対応することができません。 

また、ご利用いただいている皆様より、同様のお問い合わせをいただいた場合にも
一律お断りしているため、何卒ご理解いただきますようお願い申し上げます。
  
早速のお役に立てず、申し訳ございません。
 
また、ゲームプレイ中に何かご不便なところがございましたら
いつでもサポートセンターまでお問い合わせくださいませ。",2024.12.03
49,Temp_common_email_change_unavailable,계정,연동 이메일 변경/해제 불가,"평소 애용해 주시는 고객님께
이러한 안내를 드리게 되어 대단히 죄송하지만
시스템상의 사정으로 연동된 주소를 저희 쪽에서 변경・해제하는 것은 불가능하오니
깊은 양해 부탁드립니다.
또한 게임 플레이 중 불편한 점이 있으시다면
언제든지 고객센터로 문의해 주시기 바랍니다.","日頃よりご愛顧いただいているお客様へ、
このようなご案内となってしまい大変恐縮ではございますが、
システム上の都合により連携済みのアドレスをこちらから変更・解除することはできかねますので、
何卒ご了承いただきますようお願い申し上げます。

また、ゲームプレイ中、/にご不便なところがございましたら
いつでもサポートセンターまでお問い合わせくださいませ。",2024.12.03
50,Temp_common_recovery_complete,계정,복구 완료,"문의/연락 주신 '계정 데이터 소실' 건에 대해서는
조금 전 계정 복구 작업을 완료했습니다.
현재는 정상적으로 이용하실 수 있으니 꼭 로그인을 시도해 주시기 바랍니다.
만약 현재도 로그인이 되지 않는 경우
번거로우시겠지만 다시 문의해 주시기 바랍니다.
게임 이용에 불편을 끼쳐드린 점 다시 한번 진심으로 사과드립니다.
또한 다른 게임 플레이 중 불편한 점이 있으시다면
언제든지 고객센터로 문의해 주시기 바랍니다.","お問い合わせ/ご連絡いただきました「アカウントデータの消失」の件につきまして、
先ほど、アカウントの復旧作業を完了いたしました。
現在は正常にご利用いただけますので、是非ログインをお試しいただきますようお願い申し上げます。

万が一、現在もなおログインが出来ない場合、
大変恐れ入りますが、再度お問い合わせいただきますようお願い申し上げます。

ゲームのご利用にご不便をおかけしたことを、改めまして心からお詫び申し上げます。

また、他にもゲームプレイ中、/にご不便なところがございましたら
いつでもサポートセンターまでお問い合わせくださいませ。",2024.12.03
51,Temp_common_lost_data_recovery,계정,유실된 데이터 복구 요청,"이번에는 불편을 끼쳐드려 대단히 죄송합니다.
본 건에 대해 계정이 사라졌다고 하셔서
고객님께서는 매우 실망하셨을 것으로 생각됩니다.
데이터가 사라져 진행도가 초기화된 경우
기존 계정으로의 접속은 아래 순서로 시도해 주시기 바랍니다.
'앱 삭제 후 재설치 ▶ 연동 계정으로 로그인'
만약 위의 방법으로도 데이터가 복구되지 않는 경우 아래 정보를 기재하신 후
다시 연락해 주시면 고객님의 계정을 복구해 드리도록 하겠습니다.
번거로움을 끼쳐드려 대단히 죄송하지만 잘 부탁드립니다.

◆필요 정보 양식◆
1.유저 ID(설정의 좌측 하단에 있는 코드)

소실 전 UID:(확인이 불가능한 경우 영수증 첨부가 필요합니다)
소실 후 UID:(데이터 소실 후 새로 생성된 UID)


소실 전 UID를 확인할 수 없는 경우, 결제 내역이 확인 가능한 영수증 스크린샷

※주문 번호와 구매일, 상품명의 세 가지가 확인 가능한 것
※본인 확인이 불가능한 경우 계정 변경이 불가능합니다.
※계정의 홈 화면이나 결제 내역 스크린샷 등이 있으면 더욱 신속한 대응이 가능하오니
협조 부탁드립니다.
▶ Google Play Store 거래 명세(영수증) 확인 방법
1.Google Pay(https://payments.google.com/)에 접속
2.Google 계정에 로그인
3.Google Pay 페이지 내에서 '이용 내역'을 선택하여 주문 이력 확인
4.해당 주문을 클릭하여 거래 명세 확인
※GPA로 시작하는 주문 번호의 확인을 부탁드립니다.
5. 스크린샷을 찍어서 보내주시기 바랍니다.
▶ App Store 구매 이력(영수증) 확인 방법

iOS 단말기의 설정에서 최상단의 Apple ID를 탭
미디어와 구매 > 계정 표시로 진행
'구매 이력'으로 진행하여 구매한 항목의 '청구 합계'를 탭하여 구매 이력 확인
※90일 이상 전에 구매한 이력을 확인하는 경우는 '지난 90일간'을 탭하여 날짜 범위를 선택해 주세요.
오류가 발생한 아이템을 찾아 '청구 합계'를 탭
스크린샷을 찍어서 보내주시기 바랍니다.


※게스트 상태에서 데이터가 소실된 경우
시스템상의 사정으로 복구가 불가능하거나 작업에 다소 시간이 걸릴 수 있으니
깊은 양해 부탁드립니다.
위 내용에 관련된 문의는 이 메일에 회신해 주시기 바랍니다.","この度は、ご不便をおかけし大変申し訳ございません。

本件に関しまして、アカウントが消えてしまったとのことで、
お客様におかれましては非常に残念な思いをされているかと存じます。

データが消えてしまい、進行度がリセットされた場合、
元のアカウントへの接続は下記の順にお試しいただきますようお願い申し上げます。

「アプリを削除後、再度インストール▶連携アカウントでログイン」

万が一、上記の方法でもデータが復旧されなかった場合、下記の情報をご記載の上、
再度ご連絡いただければ、お客様のアカウントを復旧させていただきます。
お手数をおかけして大変申し訳ございませんが、何卒よろしくお願いいたします。

----------------------------------------

◆必要情報フォーム◆

1.ユーザーID(設定の左下にあるコード)
 - 消失前のUID:(確認できない場合、領収書の添付が必要となります)
 - 消失後のUID:(データ消失後、新しく作成されたUID)

2. 消失前のUIDが確認できない場合、課金履歴が確認できる領収書のスクリーンショット

※注文番号と購入日、商品名の三つが確認できるもの
※本人確認ができない場合、アカウントの変更ができません。
※アカウントのホーム画面や課金履歴のスクリーンショット等があれば、より迅速な対応が可能ですので、
ご協力のほどよろしくお願いいたします。

▶ Google Play Store取引明細(領収書)の確認方法
1.Google Pay(https://payments.google.com/)にアクセス
2.Google アカウントにログイン
3.Google Payページ内で「ご利用内容」を選択し、注文履歴を確認
4.当該注文をクリックし、取引明細を確認
※GPAから始まる注文番号のご確認をよろしくお願いいたします。
5. スクリーンショットを撮ってお送りくださいませ。

▶ App Store購入履歴(領収書)の確認方法
1. iOS端末の設定から最上段のApple IDをタップ
2. メディアと購入＞アカウントを表示へ進む
3. 「購入履歴」に進み、購入した項目の「請求合計」をタップして、購入履歴を確認
※90日以上前に購入した履歴を確認する場合は、「過去90日間」をタップし、日付の範囲を選択してください。
4. エラーが発生したアイテムを探し、「請求合計」をタップ
5. スクリーンショットを撮ってお送りくださいませ。

----------------------------------------

※ゲスト状態でデータが消失した場合、
システム上の都合により復旧不可、または作業に多少の時間がかかる場合がございますので、
何卒ご了承いただきますようお願い申し上げます。

上記の内容に関連するお問い合わせは、このメールにご返信くださいませ。",2024.12.03
52,Temp_common_logout_request,계정,로그아웃 요청,"이전에 문의하신 '계정 복구'에 대해서는
작업을 진행하기 위해 게임을 로그아웃하셔야 합니다.
번거로우시겠지만 게임 로그아웃이 가능한 시간을 알려주시면
해당 시간대에 작업을 진행하도록 하겠으니 확인하신 후 다시 문의해 주시기 바랍니다.
답변 기다리겠습니다.","以前お問い合わせいただきました「アカウント復旧」につきまして、
作業を実施するにあたり/作業にあたり、ゲームをログアウトしていただく必要がございます。

大変お手数をおかけしますが、ゲームのログアウトが可能な時間をご教示いただければ、
その時間帯に作業を実施いたしますので、ご確認の上、再度お問い合わせをお願い申し上げます。

ご返信、お待ちしております。",2024.12.03
53,Temp_common_recovery_request_complete,계정,복구 요청 완료,"이번에는 불편을 끼쳐드려 진심으로 죄송합니다.
문의/연락 주신 정보를 담당 부서에 전달하여
계정 복구를 요청했습니다.
평소 애용해 주시는 고객님께 이러한 안내를 드리게 되어 대단히 죄송하지만
시스템상의 사정으로 복구 작업이 지연되거나 불가능한 경우도 있으니
미리 양해 부탁드립니다.
신속한 개선이 이루어지지 못해 죄송합니다.
안정적인 게임 환경을 위해 최선을 다하겠습니다.","この度はご不便をおかけし、誠に申し訳ございません。

お問い合わせ/ご連絡いただきました情報を担当部署に申し伝え、
アカウントの復旧を要請いたしました。

日頃よりご愛顧いただいているお客様へこのようなご案内となってしまい大変恐縮ではございますが、
システム上の都合により、復旧作業が遅延する・または不可能な場合もございますので、
予めご了承いただきますようお願い申し上げます。

早速の改善ができず、申し訳ございません。
安定的なゲーム環境のために最善を尽くしてまいります。",2024.12.03
54,Temp_common_content_consumption,게임,컨텐츠 소진 여부,"문의하신 내용에 대해 안내드립니다.

현재 '마을 침략'의 난이도는 70이 상한선이므로
게임 플레이 시 참고해 주시면 감사하겠습니다.
향후 업데이트 등을 통해 상한선을 해제할 예정이오니 변함없는 애용 부탁드립니다.

또한 게임 플레이 중 불편한 점이 있으시다면
언제든지 고객센터로 문의해 주시기 바랍니다.","お問い合わせいただいた内容つきまして、ご案内いたします。

現在、「村侵略」の難易度は70が上限となっております(/타이틀에 맞추기)ので、
ゲームプレイの際に参考にしていただければ幸いです。
今後のアップデート等で上限を解放(/타이틀에 맞추기)してまいりますので、変わらぬご愛顧を賜りますようお願い申し上げます。

また、ゲームプレイ中、/にご不便なところがございましたら
いつでもサポートセンターまでお問い合わせくださいませ。",2024.12.03
55,Temp_common_wrong_purchase_recovery,게임,잘못 구매/소비한 아이템 복구 요청시,"본 건에 대해 아이템을 실수로 구매하셨다고 하여
고객님께서는 매우 실망하셨을 것으로 생각됩니다.

하지만 문의하신 건에 대해 대단히 죄송하지만
공평성의 관점에서 고객님에 대한 개별 복구는 어렵습니다.
이는 게임을 이용하시는 모든 유저에게 동일하게 적용되는 부분이오니
깊은 양해 부탁드립니다.

또한 게임 플레이 중 불편한 점이 있으시다면
언제든지 고객센터로 문의해 주시기 바랍니다.","本件に関して、アイテムを間違えて購入してしまったとのことで、
お客様におかれましては非常に残念な思いをされているかと存じます。

しかし、お問い合わせの件に関しまして、誠に恐縮ではございますが、
公平性の観点から、お客様への個別の復旧はいたしかねます。
こちらはゲームをご利用されるすべてのユーザーに同じように適用される部分でございますので、
何卒ご了承いただきますようお願い申し上げます。

また、ゲームプレイ中ご不便なところがございましたら
いつでもサポートセンターまでお問い合わせくださいませ。",2024.12.03
56,Temp_common_screenshot_request,스크린샷,스크린샷 유도,"이번에는 불편을 끼쳐드려 죄송합니다.

보내주신 내용만으로는 상세 확인이 어려워
'상세 설명과 문제 화면의 스크린샷'을 보내주실 수 있으신가요?
다시 보내주신 정보를 바탕으로 재조사/상세 확인하도록 하겠습니다.

번거로움을 끼쳐드려 대단히 죄송하지만
깊은 협조 부탁드립니다.

위 내용에 관련된 문의는 이 메일에 회신해 주시기 바랍니다.","この度はご不便をおかけしまして、申し訳ございません。
 
お送りいただいた内容だけでは詳細の確認が難しいため、
「詳細の説明と問題の画面のスクリーンショット」をお送りいただけますでしょうか？
再度お送りいただいた情報をもとに、再調査いたします。/詳細を確認いたします。

お手数をおかけしまして、大変申し訳ございませんが、
何卒ご協力のほどよろしくお願い申し上げます。
 
上記の内容に関連するお問い合わせは、このメールにご返信くださいませ。",2024.12.03
57,Temp_common_screenshot_request_detail,스크린샷,스크린샷 유도 (상세),"문의/연락 주신 내용에 대해
저희 쪽에서 상황 재현이 어려워 상세 파악이 불가능한 상황입니다.
오류인지 여부의 상세 확인을 위해서는 해당 현상이 발생한 시간과 스크린샷, 영상 등과 함께
다시 문의해 주시면 큰 도움이 되겠습니다.
상세 확인이 불가능한 경우 저희 쪽에서도 대응이 어려울 수 있으니
깊은 이해와 협조 부탁드립니다.

정확한 시간 파악이 어려운 경우는
같은 현상이 다시 발생했을 때 다시 문의해 주시면 감사하겠습니다.

번거로우시겠지만 오류에 관한 정보는
아래 내용을 기재하신 후 회신해 주시기 바랍니다.

ーーーーーーーーーーーーーーーーーー
■ 필요 정보
・오류가 발생한 날짜・시간대：
(예：2019-10-10 22:18)
・상세：
・참고가 되는 스크린샷：
ーーーーーーーーーーーーーーーーーー

신속한 대응을 하지 못해 진심으로 죄송합니다.

번거로움을 끼쳐드려 죄송하지만
깊은 이해와 양해 부탁드립니다.","お問い合わせ/ご連絡いただきました内容につきまして、
こちらにて状況の再現が難しく、詳細の把握ができない状況でございます。
不具合であるかどうかの詳細を確認するためには、該当の現象が発生した時間とスクリーンショット、映像等とともに、
再度お問い合わせいただけると大変助かります。
詳細が確認できない場合、こちらでも対応ができかねる場合がございますので、
何卒ご理解、ご協力のほどよろしくお願いいたします。
 
正確な時間の把握が難しい場合は、
同じ現象が再度発生した際に、改めてお問い合わせいただきたく、よろしくお願いいたします。
 
お手数をおかけしますが、不具合に関する情報は、
下記の内容をご記載の上、ご返信いただきますようお願い申し上げます。
 
ーーーーーーーーーーーーーーーーーー
■ 必要情報
・不具合が発生した日時・時間帯：
(例：2019-10-10 22:18)
・詳細：
・参考となるスクリーンショット：
ーーーーーーーーーーーーーーーーーー
 
迅速な対応ができず、誠に申し訳ございません。
 
お手数をおかけし、申し訳ございませんが、
何卒ご理解、ご了承のほど宜しくお願いいたします。",2024.12.03
58,Temp_common_malicious_user_report,신고,악질 유저 제보,"소중한 제보 진심으로 감사드립니다.
보내주신 유저 정보는 담당 부서에 확인을 요청했습니다.
확인 후 적절한 조치/대응을 하도록 하겠습니다.
또한 순차적으로 조사하고 있어 다소 시간이 걸릴 수 있습니다.
깊은 이해 부탁드립니다.

또한 조사 결과가 정확한 부정 행위로 판단되지 않을 경우는 대응이 불가능합니다.

아울러 개인정보이므로
해당 유저에 대한 조사 결과는 공개할 수 없음을
깊이 양해 부탁드립니다.

앞으로도 부정 행위를 단속하여
쾌적한 환경에서 즐기실 수 있도록 노력하겠습니다.

또한 다른 문제나 의견이 있으시다면 상세 내용과 스크린샷과 함께
보내주시면 대응하도록 하겠으니 잘 부탁드립니다.","貴重なご報告、誠にありがとうございます。
お送りいただいたユーザー情報は、担当部署に確認を要請いたしました。
確認後、然るべき措置/対応をいたします。
また、順番にお調べしておりますので、多少のお時間をいただく場合がございます。
何卒ご理解いただきたく、よろしくお願いいたします。
 
なお、調査結果が正確な不正行為として判断されない場合は、対応することができません。

あわせて個人情報でございますので、
該当ユーザーに対する調査結果は公開できないこと、
何卒ご了承いただきたく、お願い申し上げます。
 
これからも不正行為を取り締まり、
快適な環境で楽しんでいただけるよう努めてまいります。
 
また何か問題やご意見がございましたら、詳細やスクリーンショットとともに
お送りいただければ、対応いたしますので、何卒よろしくお願いいたします。",2024.12.03
59,Temp_common_malicious_user_report_2,신고,악질 유저 제보2,"소중한 제보 진심으로 감사드립니다.
보내주신 유저 정보는 담당 부서에 확인을 요청했습니다.
확인 후 적절한 조치/대응을 하도록 하겠습니다.
또한 순차적으로 조사하고 있어 다소 시간이 걸릴 수 있습니다.
깊은 이해 부탁드립니다.

하지만 게임의 정상적인 시스템을 지키고 룰 내에서 전략적으로 플레이하는 부분에 대해서는
별도의 제한이 적용되지 않으니 참고해 주시기 바랍니다.
운영 정책 위반으로 생각되는 유저를 확인하신 경우는
해당 스크린샷과 상세 내용과 함께 연락해 주시면
담당 부서에서 확인 및 대응하도록 하겠습니다.

또한 게임 플레이 중 불편한 점이 있으시다면
언제든지 고객센터로 문의해 주시기 바랍니다.","貴重なご報告、誠にありがとうございます。
お送りいただいたユーザー情報は、担当部署に確認を要請いたしました。
確認後、然るべき措置/対応をいたします。
また、順番にお調べしておりますので、多少のお時間をいただく場合がございます。
何卒ご理解いただきたく、よろしくお願いいたします。
 
しかし、ゲームの正常なシステムを守り、/ルール内で戦略的にプレイする部分につきましては、
別途の、制限が適用されませんので、ご参考にしていただければと存じます。
運営ポリシー違反と思われるユーザーを確認された場合は、
該当スクリーンショットと詳細の内容とともにご連絡いただければ
担当部署にて確認及び対応いたします。
 
また、ゲームプレイ中に何かご不便なところがございましたら
いつでもサポートセンターまでお問い合わせくださいませ。",2024.12.03
60,Temp_common_malicious_user_report_racial,신고,악질 유저 제보(인종차별),"소중한 제보 진심으로 감사드립니다.
보내주신 유저 정보는 담당 부서에 확인을 요청했습니다.
확인 후 적절한 조치/대응을 하도록 하겠습니다.
또한 순차적으로 조사하고 있어 다소 시간이 걸릴 수 있습니다.
깊은 이해 부탁드립니다.

하지만 게임의 정상적인 시스템을 지키고 룰 내에서 전략적으로 플레이하는 부분에 대해서는
별도의 제한이 적용되지 않으니 참고해 주시기 바랍니다.

또한 특정 국가・인종에 대한 차별 행위(인종차별적인 발언이나 닉네임) 등
운영 정책 위반으로 생각되는 유저를 확인하신 경우는
해당 스크린샷과 상세 내용과 함께 연락해 주시면
담당 부서에서 확인 및 대응하도록 하겠습니다.

또한 게임 플레이 중 불편한 점이 있으시다면
언제든지 고객센터로 문의해 주시기 바랍니다.","貴重なご報告、誠にありがとうございます。
お送りいただいたユーザー情報は、担当部署に確認を要請いたしました。
確認後、然るべき措置/対応をいたします。
また、順番にお調べしておりますので、多少のお時間をいただく場合がございます。
何卒ご理解いただきたく、よろしくお願いいたします。

しかし、ゲームの正常なシステムを守り、/ルール内で戦略的にプレイする部分につきましては、
別途の制限が適用されませんので、ご参考にしていただければと存じます。

なお、特定の国・人種に対する差別行為(人種差別的な発言やニックネーム)など、
運営ポリシー違反と思われるユーザーを確認された場合は、
該当スクリーンショットと詳細の内容とともにご連絡いただければ
担当部署にて確認及び対応いたします。

また、ゲームプレイ中に何かご不便なところがございましたら
いつでもサポートセンターまでお問い合わせくださいませ。",2024.12.03
61,Temp_common_malicious_user_report_screenshot,신고,악질 유저 제보(스크린샷),"소중한 제보 진심으로 감사드립니다.
스크린샷과 상세 내용을 보내주시면
담당 부서 확인 후 적절한 조치/대응을 하도록 하겠습니다.

또한 순차적으로 조사하고 있어 다소 시간이 걸릴 수 있습니다.
깊은 양해 부탁드립니다.

앞으로도 부정 행위를 단속하여
쾌적한 환경에서 즐기실 수 있도록 노력하겠습니다.","貴重なご報告、誠にありがとうございます。
スクリーンショットや詳細をお送りいただければ、
担当部署に確認後、然るべき措置/対応をいたします。
 
また、順番にお調べしておりますので、多少のお時間をいただく場合がございます。
何卒ご了承いただきますよう、お願い申し上げます。
 
これからも不正行為を取り締まり、
快適な環境で楽しんでいただけるよう努めてまいります。",2024.12.03
62,Temp_common_external_site_restriction,신고,외부 사이트 제재,"이번에는 연락의 번거로움을 끼쳐드려 대단히 죄송합니다.

게임 내에서 계정이나 게임 내 콘텐츠의 부정 행위가 신고된 경우
조사 후 운영 정책에 따른 적절한 조치 대응을 하고 있습니다.

하지만 외부 사이트에서 이루어진 경우는
개인정보 보호정책이나 해당 사이트의 이용약관에 따라
저희 쪽에서 대응이 불가능합니다.
이 점 깊은 이해와 양해 부탁드립니다.

게임 내에서의 부정적인 거래나 부정 행위를 발견하신 경우는
언제든지 스크린샷과 상세 내용을 보내주시기 바랍니다.
담당 부서 확인 후 적절한 조치/대응을 하도록 하겠습니다.

앞으로도 부정 행위를 단속하여
쾌적한 환경에서 즐기실 수 있도록 노력하겠습니다.","この度はご連絡のお手数をおかけして大変申し訳ございません。
 
ゲーム内でアカウントやゲーム内コンテンツの不正行為が報告された場合、
調査後、運営ポリシーに沿った然るべき処置対応をしております。
 
しかし、外部サイトで行われた場合は
プライバシーポリシーや該当サイトの利用規約により
こちらから対応することができません。
この点、何卒ご理解、ご了承いただければと存じます。
 
ゲーム内での不正的な取引や不正行為を発見された場合は
いつでもスクリーンショットや詳細をお送りくださいませ。
担当部署にて確認後、然るべき処置/対応をいたします。

これからも不正行為を取り締まり、
快適な環境で楽しんでいただけるよう努めてまいります。",2024.12.03
63,Temp_common_system_complaint,불만,전반적인 게임 시스템에 대한 불만,"이번에는 불쾌한 생각이 들게 해드려 진심으로 죄송합니다.
또한 소중한 의견 진심으로 감사드립니다.
연락주신 내용은 담당 부서에 전달하여 향후 서비스 향상의 참고로 삼도록 하겠습니다.

안정적인 게임 환경을 위해 최선을 다하겠습니다.","この度は不愉快な思いをさせてしまい、誠に申し訳ございません。
また、貴重なご意見、誠にありがとうございます。
ご連絡いただいた内容は、担当部署に伝え、今後のサービス向上の参考とさせていただきます。
 
安定的なゲーム環境のために最善を尽くしてまいります。",2024.12.03
64,Temp_common_probability_complaint,불만,확률 시스템에 대한 불만,"이번에는 문의의 번거로움을 끼쳐드려 대단히 죄송합니다.

본 건에 대해 고객님께서는 매우 실망하셨을 것으로 생각됩니다.
평소 애용해 주시는 고객님께 이러한 안내를 드리게 되어 대단히 죄송하지만
문의하신 '편향된 가챠 결과'에 대해서는
미리 설정된 수치에 기반하고 있어
경우에 따라서는 편향된 결과가 나올 수도 있습니다.

대단히 죄송하지만 (어디까지나) 확률의 요소이므로
깊은 양해 부탁드립니다.

기대에 부응하지 못해 진심으로 죄송하지만
게임 플레이 중 불편한 점이 있으시다면
언제든지 고객센터로 문의해 주시기 바랍니다.","この度はお問い合わせのお手数をおかけして大変申し訳ございません。

本件に関して、お客様におかれましては非常に残念な思いをされているかと存じます。
日頃よりご愛顧いただいているお客様へこのようなご案内となってしまい大変恐縮ではございますが、
お問い合わせいただいた「偏ったガチャ結果」につきましては、
あらかじめ設定した数値に基づいておりますので、
場合によっては偏った結果になることもございます。

誠に恐れ入りますが、(あくまでも)確率の要素ですので、
何卒ご了承いただきますようお願いいたします。

ご期待に添えず誠に申し訳ございませんが、
ゲームプレイ中に何かご不便なところがございましたら
いつでもサポートセンターまでお問い合わせくださいませ。",2024.12.03
65,Temp_common_ad_content_complaint,불만,광고 내용에 대한 불만,"이번에는 불쾌한 생각이 들게 해드려 진심으로 죄송합니다.

이러한 안내를 드리게 되어 매우 죄송하지만
'광고 콘텐츠'에 대해서는 저희 쪽에서 배포하는 것이 아니라
이용자의 취향과 기록에 따라 광고가 표시되는 '추적형 광고'로
저희 쪽에서 광고 내용의 삭제・변경 등은 불가능합니다.

기대에 부응하지 못해 진심으로 죄송하지만
깊은 양해 부탁드립니다.","この度は不愉快な思いをさせてしまい、誠に申し訳ございません。

このようなご案内となり大変心苦しい限りではございますが、
「広告のコンテンツ」につきまして、こちらから配信するものではなく、
利用者の好みや記録に沿った広告が表示される「追跡型広告」で、
こちらでの広告内容の削除・変更等はできかねます。

ご期待に添えず誠に申し訳ございませんが、
何卒ご了承いただきますようお願い申し上げます。",2024.12.03
66,Temp_common_proxy_inquiry,기타,당사자가 본인이 아닌 대리 문의일 경우,"이번에는 불편을 끼쳐드려 대단히 죄송합니다.

문의하신 '' 건에 대해서는
문제가 발생했다고 하시는 본인께서 직접 고객센터로 문의해 주시면
상세 확인 등 대응이 가능합니다.

의향에 맞는 안내를 드리지 못해 대단히 죄송하지만
깊은 양해 부탁드립니다.

이 외에도 궁금하신 점이나 불명확한 점이 있으시다면
언제든지 고객센터로 문의해 주시기 바랍니다.

앞으로도 ''를 잘 부탁드립니다.","この度は、ご不便をおかけし大変申し訳ございません。

お問い合わせいただきました「」の件につきまして、
問題が発生しているとされるご本人様からサポートセンターへお問い合わせいただけますと、
詳細確認など対応させていただくことが可能となっております。

ご意向に沿ったご案内ができず大変恐縮でございますが、
何卒よろしくお願い申し上げます。

この他、お困りごとやご不明な点などがございましたら、
いつでもサポートセンターへお問い合わせくださいませ。

今後とも「」をよろしくお願いいたします。",2024.12.03
67,Temp_common_server_rule_complaint,기타,서버 룰에 대한 불만,"이번에는 문의의 번거로움을 끼쳐드려 죄송합니다.

문의하신 '서버 규칙' 건에 대해서는
(아마도) 소속 서버에서 플레이하시는 제독님들 간에 정해진 규칙일 것으로 생각되지만
유저분들 간의 약속이나 분쟁에 대해서는 운영진이 관여할 수 없습니다.
깊은 양해 부탁드립니다.

신속한 해결을 하지 못해 대단히 죄송하지만 잘 부탁드립니다.","この度は、お問い合わせのお手数をおかけしており、申し訳ございません。

お問い合わせいただきました「サーバールール」の件につきまして、
(おそらく)/所属サーバーでプレイしている提督の皆様の間で決められたルール(/타이틀 상황에 맞추기)のことかと思いますが、/存じますが、
ユーザー様同士の取り決めや紛争に関しては運営が関わることができかねます。
何卒ご了承いただきたく、よろしくお願いいたします。

早速の解決に至らず大変恐縮でございますが、何卒よろしくお願い申し上げます。",2024.12.03
68,Temp_common_gameplay_complaint_nonviolation,기타,"유저의 게임플레이에 대한 불만
(불법 행위가 아닌 것에 대한 대응)","이번에는 불쾌한 생각이 들게 해드려 대단히 죄송합니다.

대단히 죄송하지만 본 게임 ''은 전쟁 게임이므로
다른 플레이어에게 전투를 신청하거나 레벨업과 방어에 집중하는 등
플레이어분들마다 다양한 스타일로 게임을 즐기실 수 있습니다.
따라서 부정 프로그램을 사용하는 등의 불법 행위가 아닌 한 운영진의 관여는 일절 없습니다.

또한 유저분들 간의 약속이나 분쟁에 대해서도 운영진이 관여할 수 없으니
깊은 이해와 양해 부탁드립니다.

하지만 고객님께서 보내주신 의견에 대해서는 사내에 공유하여
향후 개발 및 운영의 참고로 삼도록 하겠습니다.

이번에는 고객님께 도움을 드리지 못했지만
그 외에도 어려운 점이 있으시다면
가능한 한 지원해 드리도록 하겠으니 언제든지 연락 주시기 바랍니다.","この度はご不快な思いをさせてしまい、大変申し訳ございません。

大変恐れ入りますが、本ゲーム「」は戦争ゲームのため、
他のプレイヤー様へ戦いを挑んだり、レベルアップと防御に徹する等(/타이틀 상황에 맞추기)、
プレイヤー様ごとに多様なスタイルでゲームをお楽しみいただけます。
そのため、不正プログラムを用いる等の違法行為ではない限り、運営側の関与は一切ございません。

また、ユーザー様同士の取り決めや紛争に関しても運営が関わることができかねますので
何卒ご理解、ご了承いただきますようお願い申し上げます。

しかしながら、お客様よりお寄せいただいたご意見につきましては社内へ共有を行い、
今後の開発及び運営の参考にさせていただきます。

今回はお客様のお力になることができませんでしたが、
その他にもお困りごと等ございましたら、
可能な限りサポートいたしますので、いつでもご連絡くださいませ。",2024.12.03
69,Temp_common_non_game_inquiry,기타,게임과 관련 없는 문의,"문의하신 '' 건에 대해서는
고객센터에서는 게임에 관한 문의만 대응하고 있습니다.
깊은 양해 부탁드립니다.

또한 게임 플레이 중 불편한 점이 있으시다면
고객센터로 문의해 주시기 바랍니다.","お問い合わせいただきました「」の件につきまして、
サポートセンターではゲームに関するお問い合わせのみ対応しております。
何卒ご了承くださいませ。

またゲームプレイ中にご不便な点がございましたら、
サポートセンターへお問い合わせくださいませ。",2024.12.03
70,Temp_common_duplicate_detail,기타,중복 심화 참고 표현,"향후 동일한 문의를 받은 경우에도 동일한 안내를 드릴 수 있으니
깊은 양해 부탁드립니다.","今後、同じようなお問い合わせをいただいた場合、同様のご案内をさせていただくこともございますので、
何卒ご了承くださいませ。",2024.12.03
71,Temp_common_bug_report,기타,버그 제보,"이번에는 소중한 제보 진심으로 감사드립니다.

보내주신 ''에 대해서는
담당 부서에 보고하여 확인을 요청했습니다.

순차적으로 조사를 진행하고 있어 개선 완료까지 다소 시간이 걸릴 수 있습니다.
깊은 양해 부탁드립니다.

신속한 개선이 이루어지지 못해 죄송합니다.
안정적인 게임 환경을 위해 최선을 다하겠습니다.","この度は貴重なご報告、誠にありがとうございます。

お送りいただいた「」につきましては 
担当部署に報告し、確認を要請いたしました。 

順次調査を行なっておりますので、改善完了まで多少の時間がかかる場合がございます。 
何卒、ご了承いただきますようお願い申し上げます。 

早速の改善ができず、申し訳ございません。 
安定的なゲーム環境のために最善を尽くしてまいります。 ",2024.12.03